G,Date,Opponent,Unnamed: 7,Tm,Opp,W,L,Streak,Team,Year,Is_Playoffs,Team_Pace,Team_eFG%,Team_TOV%,Team_ORB%,Team_FT/FGA,Team_ORtg,Opponent_Pace,Opponent_eFG%,Opponent_TOV%,Opponent_ORB%,Opponent_FT/FGA,Opponent_ORtg,Team_Player1_Starters,Team_Player2_Starters,Team_Player3_Starters,Team_Player4_Starters,Team_Player5_Starters,Team_Player6_Starters,Team_Player7_Starters,Team_Player8_Starters,Team_Player9_Starters,Team_Player10_Starters,Team_Player11_Starters,Team_Player12_Starters,Team_Player13_Starters,Team_Player14_Starters,Team_Player15_Starters,Team_Player16_Starters,Opponent_Player1_Starters,Opponent_Player2_Starters,Opponent_Player3_Starters,Opponent_Player4_Starters,Opponent_Player5_Starters,Opponent_Player6_Starters,Opponent_Player7_Starters,Opponent_Player8_Starters,Opponent_Player9_Starters,Opponent_Player10_Starters,Opponent_Player11_Starters,Opponent_Player12_Starters,Opponent_Player13_Starters,Opponent_Player14_Starters,Opponent_Player15_Starters,Opponent_Player16_Starters
1,20231025,NYK,W,108,104,1,0,W 1,BOS,2024,False,94.4,.558,12.8,18.9,.286,114.4,95.4,.464,9.2,30.4,.144,109.0,Jayson Tatum,Jaylen Brown,Kristaps Porziņģis,Jrue Holiday,Derrick White,Al Horford,Sam Hauser,Payton Pritchard,Luke Kornet,Dalano Banton,Oshae Brissett,Svi Mykhailiuk,Neemias Queta,Lamar Stevens,Jordan Walsh,Team Totals,RJ Barrett,Julius Randle,Jalen Brunson,Quentin Grimes,Mitchell Robinson,Immanuel Quickley,Isaiah Hartenstein,Josh Hart,Donte DiVincenzo,Ryan Arcidiacono,Evan Fournier,DaQuan Jeffries,Miles McBride,Jericho Sims,Dylan Windler,Team Totals
2,20231027,MIA,W,119,111,2,0,W 2,BOS,2024,False,99.3,.558,12.7,32.0,.137,119.8,99.3,.517,10.8,22.0,.213,111.7,Jayson Tatum,Jrue Holiday,Derrick White,Jaylen Brown,Kristaps Porziņģis,Al Horford,Oshae Brissett,Payton Pritchard,Sam Hauser,Dalano Banton,JD Davison,Luke Kornet,Svi Mykhailiuk,Lamar Stevens,Jordan Walsh,Team Totals,Tyler Herro,Bam Adebayo,Jimmy Butler,Kyle Lowry,Kevin Love,Duncan Robinson,Dru Smith,Jaime Jaquez Jr.,Thomas Bryant,Jamal Cain,R.J. Hampton,Nikola Jović,Caleb Martin,Orlando Robinson,Team Totals,
3,20231030,WAS,W,126,107,3,0,W 3,BOS,2024,False,102.3,.593,14.6,34.1,.049,123.2,101.8,.511,13.2,23.4,.207,105.1,Jaylen Brown,Jayson Tatum,Jrue Holiday,Kristaps Porziņģis,Derrick White,Sam Hauser,Payton Pritchard,Al Horford,Luke Kornet,Oshae Brissett,Dalano Banton,Lamar Stevens,Svi Mykhailiuk,Jordan Walsh,Team Totals,,Bilal Coulibaly,Tyus Jones,Kyle Kuzma,Jordan Poole,Deni Avdija,Corey Kispert,Danilo Gallinari,Johnny Davis,Eugene Omoruyi,Ryan Rollins,Delon Wright,Anthony Gill,Patrick Baldwin Jr.,Jared Butler,Mike Muscala,Team Totals
4,20231101,IND,W,155,104,4,0,W 4,BOS,2024,False,105.5,.674,10.8,32.4,.284,146.9,104.5,.480,7.8,14.8,.069,99.5,Kristaps Porziņģis,Derrick White,Jayson Tatum,Jaylen Brown,Jrue Holiday,Payton Pritchard,Oshae Brissett,Sam Hauser,Al Horford,Svi Mykhailiuk,Dalano Banton,Lamar Stevens,Luke Kornet,Team Totals,,,Obi Toppin,Myles Turner,Bruce Brown,Andrew Nembhard,Bennedict Mathurin,T.J. McConnell,Buddy Hield,Jordan Nwora,Isaiah Jackson,Aaron Nesmith,Ben Sheppard,Jarace Walker,Daniel Theis,Team Totals,,
5,20231104,BRK,W,124,114,5,0,W 5,BOS,2024,False,99.7,.561,9.7,23.8,.256,124.4,100.2,.515,5.3,20.0,.110,113.8,Jayson Tatum,Jrue Holiday,Jaylen Brown,Al Horford,Kristaps Porziņģis,Payton Pritchard,Sam Hauser,Luke Kornet,Oshae Brissett,Dalano Banton,Svi Mykhailiuk,Lamar Stevens,Team Totals,,,,Mikal Bridges,Cam Thomas,Royce O'Neale,Dorian Finney-Smith,Spencer Dinwiddie,Lonnie Walker IV,Day'Ron Sharpe,Dennis Smith Jr.,Trendon Watford,Armoni Brooks,Jalen Wilson,Harry Giles,Keon Johnson,Team Totals,,
6,20231106,MIN,L,109,114,5,1,L 1,BOS,2024,False,100.5,.451,14.4,22.0,.283,98.3,100.0,.594,20.0,15.0,.153,103.2,Jayson Tatum,Jrue Holiday,Jaylen Brown,Al Horford,Kristaps Porziņģis,Sam Hauser,Payton Pritchard,Luke Kornet,Lamar Stevens,Svi Mykhailiuk,Dalano Banton,Oshae Brissett,Team Totals,,,,Jaden McDaniels,Rudy Gobert,Anthony Edwards,Mike Conley,Karl-Anthony Towns,Kyle Anderson,Naz Reid,Nickeil Alexander-Walker,Jordan McLaughlin,Shake Milton,Troy Brown Jr.,Josh Minott,Daishen Nix,Team Totals,,
7,20231108,PHI,L,103,106,5,2,L 2,BOS,2024,False,99.9,.478,11.6,17.0,.176,103.1,100.4,.489,12.1,26.1,.137,105.6,Derrick White,Jayson Tatum,Jaylen Brown,Jrue Holiday,Kristaps Porziņģis,Al Horford,Sam Hauser,Payton Pritchard,Luke Kornet,Dalano Banton,Oshae Brissett,Svi Mykhailiuk,Lamar Stevens,Team Totals,,,Tyrese Maxey,Tobias Harris,Joel Embiid,De'Anthony Melton,Kelly Oubre Jr.,Nicolas Batum,Robert Covington,Patrick Beverley,Paul Reed,Furkan Korkmaz,Mo Bamba,Danuel House Jr.,KJ Martin,Marcus Morris,Jaden Springer,Team Totals
8,20231110,BRK,W,121,107,6,2,W 1,BOS,2024,False,93.6,.537,7.0,31.5,.213,129.2,94.1,.535,11.4,20.5,.188,113.7,Jayson Tatum,Jrue Holiday,Jaylen Brown,Derrick White,Kristaps Porziņģis,Payton Pritchard,Sam Hauser,Luke Kornet,Svi Mykhailiuk,Oshae Brissett,Dalano Banton,Lamar Stevens,Team Totals,,,,Mikal Bridges,Dorian Finney-Smith,Royce O'Neale,Cameron Johnson,Spencer Dinwiddie,Trendon Watford,Dennis Smith Jr.,Lonnie Walker IV,Armoni Brooks,Day'Ron Sharpe,Harry Giles,Ben Simmons,Team Totals,,,
9,20231111,TOR,W,117,94,7,2,W 2,BOS,2024,False,97.5,.634,12.4,14.3,.093,120.1,97.5,.440,8.4,14.6,.154,96.5,Jayson Tatum,Jaylen Brown,Jrue Holiday,Kristaps Porziņģis,Derrick White,Payton Pritchard,Al Horford,Sam Hauser,Luke Kornet,Dalano Banton,Oshae Brissett,Svi Mykhailiuk,Lamar Stevens,Team Totals,,,Scottie Barnes,Pascal Siakam,OG Anunoby,Dennis Schröder,Jakob Poeltl,Malachi Flynn,Chris Boucher,Precious Achiuwa,Gradey Dick,Otto Porter Jr.,Jalen McDaniels,Thaddeus Young,Garrett Temple,Team Totals,,
10,20231113,NYK,W,114,98,8,2,W 3,BOS,2024,False,84.2,.627,11.3,24.2,.190,135.3,86.2,.513,11.8,29.3,.215,113.6,Jayson Tatum,Jrue Holiday,Jaylen Brown,Kristaps Porziņģis,Derrick White,Al Horford,Sam Hauser,Payton Pritchard,Dalano Banton,Oshae Brissett,Luke Kornet,Svi Mykhailiuk,Lamar Stevens,Team Totals,,,Josh Hart,Jalen Brunson,Julius Randle,Mitchell Robinson,Quentin Grimes,Immanuel Quickley,Donte DiVincenzo,Isaiah Hartenstein,Miles McBride,Jericho Sims,Ryan Arcidiacono,RJ Barrett,DaQuan Jeffries,Team Totals,,
11,20231115,PHI,W,117,107,9,2,W 4,BOS,2024,False,91.6,.580,9.4,27.9,.170,127.7,91.1,.524,8.7,23.3,.212,117.4,Jayson Tatum,Derrick White,Jrue Holiday,Sam Hauser,Al Horford,Payton Pritchard,Luke Kornet,Svi Mykhailiuk,Dalano Banton,Oshae Brissett,Neemias Queta,Lamar Stevens,Team Totals,,,,Tyrese Maxey,Tobias Harris,Robert Covington,De'Anthony Melton,Joel Embiid,Jaden Springer,Paul Reed,Patrick Beverley,Marcus Morris,Danuel House Jr.,Furkan Korkmaz,Mo Bamba,KJ Martin,Team Totals,,
12,20231117,TOR,W,108,105,10,2,W 5,BOS,2024,False,98.3,.543,10.3,18.2,.087,109.9,97.8,.552,12.2,12.2,.103,107.4,Jayson Tatum,Jaylen Brown,Kristaps Porziņģis,Jrue Holiday,Derrick White,Al Horford,Sam Hauser,Payton Pritchard,Dalano Banton,Oshae Brissett,Luke Kornet,Svi Mykhailiuk,Neemias Queta,Lamar Stevens,Team Totals,,Dennis Schröder,Jakob Poeltl,Scottie Barnes,Gary Trent Jr.,Pascal Siakam,Precious Achiuwa,Malachi Flynn,Chris Boucher,Gradey Dick,Jalen McDaniels,OG Anunoby,Garrett Temple,Team Totals,,,
13,20231119,MEM,W,102,100,11,2,W 6,BOS,2024,False,91.8,.532,16.2,24.3,.260,111.1,92.8,.479,10.0,28.0,.095,107.7,Jrue Holiday,Jayson Tatum,Derrick White,Jaylen Brown,Kristaps Porziņģis,Sam Hauser,Al Horford,Payton Pritchard,Neemias Queta,Lamar Stevens,Dalano Banton,Oshae Brissett,Luke Kornet,Svi Mykhailiuk,Team Totals,,Santi Aldama,Desmond Bane,Jaren Jackson Jr.,John Konchar,Bismack Biyombo,Ziaire Williams,David Roddy,Vince Williams Jr.,Jacob Gilyard,Kenneth Lofton Jr.,GG Jackson II,Jake LaRavia,Team Totals,,,
14,20231120,CHO,L,118,121,11,3,L 1,BOS,2024,False,97.3,.515,12.1,21.6,.186,109.9,96.3,.505,10.4,31.5,.154,113.7,Jayson Tatum,Sam Hauser,Jrue Holiday,Kristaps Porziņģis,Jaylen Brown,Payton Pritchard,Luke Kornet,Oshae Brissett,Svi Mykhailiuk,Dalano Banton,JD Davison,Neemias Queta,Lamar Stevens,Jordan Walsh,Team Totals,,Miles Bridges,LaMelo Ball,Brandon Miller,Gordon Hayward,Mark Williams,P.J. Washington,Ish Smith,Bryce McGowens,JT Thor,James Bouknight,Théo Maledon,Nick Smith Jr.,Team Totals,,,
15,20231122,MIL,W,119,116,12,3,W 1,BOS,2024,False,101.6,.625,14.1,10.5,.167,117.2,101.6,.510,7.7,25.0,.129,114.2,Jayson Tatum,Derrick White,Jaylen Brown,Jrue Holiday,Kristaps Porziņģis,Al Horford,Payton Pritchard,Sam Hauser,Dalano Banton,Oshae Brissett,Luke Kornet,Svi Mykhailiuk,Lamar Stevens,Team Totals,,,Damian Lillard,Giannis Antetokounmpo,Brook Lopez,Khris Middleton,Malik Beasley,MarJon Beauchamp,Bobby Portis,Pat Connaughton,Cameron Payne,Andre Jackson Jr.,Thanasis Antetokounmpo,A.J. Green,Chris Livingston,Robin Lopez,Team Totals,
16,20231124,ORL,L,96,113,12,4,L 1,BOS,2024,False,99.0,.454,14.0,10.3,.355,96.9,98.5,.571,16.0,32.5,.188,114.7,Jayson Tatum,Jaylen Brown,Derrick White,Al Horford,Kristaps Porziņģis,Sam Hauser,Luke Kornet,Payton Pritchard,Oshae Brissett,Dalano Banton,Lamar Stevens,Svi Mykhailiuk,Team Totals,,,,Franz Wagner,Paolo Banchero,Jalen Suggs,Goga Bitadze,Anthony Black,Cole Anthony,Moritz Wagner,Joe Ingles,Gary Harris,Jonathan Isaac,Caleb Houstan,Jett Howard,Chuma Okeke,Admiral Schofield,Team Totals,
17,20231126,ATL,W,113,103,13,4,W 1,BOS,2024,False,97.1,.511,11.1,36.0,.168,116.4,97.1,.517,14.2,21.6,.136,106.1,Jayson Tatum,Derrick White,Jaylen Brown,Al Horford,Dalano Banton,Sam Hauser,Payton Pritchard,Neemias Queta,Luke Kornet,Oshae Brissett,Svi Mykhailiuk,Lamar Stevens,Jordan Walsh,Team Totals,,,De'Andre Hunter,Trae Young,Dejounte Murray,Saddiq Bey,Clint Capela,Bogdan Bogdanović,Onyeka Okongwu,AJ Griffin,Wesley Matthews,Bruno Fernando,Trent Forrest,Garrison Mathews,Patty Mills,Team Totals,,
18,20231128,CHI,W,124,97,14,4,W 2,BOS,2024,False,96.6,.639,14.4,28.2,.100,128.4,96.6,.483,7.6,18.0,.111,100.4,Jayson Tatum,Jaylen Brown,Jrue Holiday,Derrick White,Al Horford,Payton Pritchard,Sam Hauser,Luke Kornet,Dalano Banton,Svi Mykhailiuk,Lamar Stevens,Oshae Brissett,Neemias Queta,Team Totals,,,Coby White,Patrick Williams,DeMar DeRozan,Nikola Vučević,Zach LaVine,Ayo Dosunmu,Alex Caruso,Jevon Carter,Torrey Craig,Andre Drummond,Julian Phillips,Dalen Terry,Terry Taylor,Team Totals,,
19,20231201,PHI,W,125,119,15,4,W 3,BOS,2024,False,101.8,.610,17.7,27.0,.403,122.8,101.8,.543,13.3,29.4,.181,116.9,Jaylen Brown,Jrue Holiday,Al Horford,Derrick White,Jayson Tatum,Sam Hauser,Payton Pritchard,Neemias Queta,Dalano Banton,Luke Kornet,Oshae Brissett,Svi Mykhailiuk,Lamar Stevens,Team Totals,,,Patrick Beverley,Tobias Harris,De'Anthony Melton,Marcus Morris,Paul Reed,Robert Covington,Mo Bamba,Furkan Korkmaz,KJ Martin,Nicolas Batum,Tyrese Maxey,Jaden Springer,Team Totals,,,
20,20231204,IND,L,112,122,15,5,L 1,BOS,2024,False,102.7,.536,15.0,27.7,.082,109.0,102.2,.559,5.5,14.0,.181,119.3,Jrue Holiday,Jayson Tatum,Derrick White,Jaylen Brown,Al Horford,Sam Hauser,Luke Kornet,Payton Pritchard,Dalano Banton,Oshae Brissett,Svi Mykhailiuk,Neemias Queta,Lamar Stevens,Team Totals,,,Tyrese Haliburton,Bruce Brown,Myles Turner,Buddy Hield,Obi Toppin,Aaron Nesmith,Bennedict Mathurin,T.J. McConnell,Andrew Nembhard,Isaiah Jackson,Jordan Nwora,Ben Sheppard,Oscar Tshiebwe,Jarace Walker,Team Totals,
21,20231208,NYK,W,133,123,16,5,W 1,BOS,2024,False,97.6,.632,7.4,20.0,.198,136.3,97.6,.585,12.3,31.6,.227,126.1,Jayson Tatum,Jrue Holiday,Derrick White,Kristaps Porziņģis,Jaylen Brown,Al Horford,Sam Hauser,Payton Pritchard,Luke Kornet,Dalano Banton,Oshae Brissett,Svi Mykhailiuk,Neemias Queta,Lamar Stevens,Team Totals,,Julius Randle,Jalen Brunson,RJ Barrett,Donte DiVincenzo,Mitchell Robinson,Isaiah Hartenstein,Josh Hart,Immanuel Quickley,Quentin Grimes,Ryan Arcidiacono,Evan Fournier,DaQuan Jeffries,Miles McBride,Jericho Sims,Team Totals,
22,20231212,CLE,W,120,113,17,5,W 2,BOS,2024,False,97.3,.560,13.6,29.3,.310,123.3,96.8,.582,11.9,15.4,.065,116.7,Jayson Tatum,Derrick White,Jaylen Brown,Jrue Holiday,Kristaps Porziņģis,Al Horford,Sam Hauser,Payton Pritchard,Luke Kornet,Dalano Banton,Oshae Brissett,Svi Mykhailiuk,Neemias Queta,Lamar Stevens,Team Totals,,Darius Garland,Max Strus,Jarrett Allen,Donovan Mitchell,Dean Wade,Georges Niang,Caris LeVert,Isaac Okoro,Tristan Thompson,Damian Jones,Sam Merrill,Craig Porter Jr.,Team Totals,,,
23,20231214,CLE,W,116,107,18,5,W 3,BOS,2024,False,93.9,.582,12.2,30.2,.200,123.5,93.9,.548,15.0,22.5,.193,113.9,Jrue Holiday,Jayson Tatum,Jaylen Brown,Derrick White,Kristaps Porziņģis,Al Horford,Sam Hauser,Payton Pritchard,Lamar Stevens,Dalano Banton,Oshae Brissett,Luke Kornet,Svi Mykhailiuk,Team Totals,,,Donovan Mitchell,Jarrett Allen,Darius Garland,Max Strus,Dean Wade,Caris LeVert,Georges Niang,Isaac Okoro,Tristan Thompson,Damian Jones,Sam Merrill,Craig Porter Jr.,Team Totals,,,
24,20231215,ORL,W,128,111,19,5,W 4,BOS,2024,False,99.7,.620,9.8,22.0,.152,128.4,99.2,.563,18.1,34.2,.149,111.9,Jayson Tatum,Derrick White,Jaylen Brown,Jrue Holiday,Lamar Stevens,Sam Hauser,Payton Pritchard,Neemias Queta,Oshae Brissett,Svi Mykhailiuk,Kristaps Porziņģis,Team Totals,,,,,Franz Wagner,Paolo Banchero,Anthony Black,Goga Bitadze,Jalen Suggs,Cole Anthony,Gary Harris,Jonathan Isaac,Moritz Wagner,Caleb Houstan,Joe Ingles,Jett Howard,Chuma Okeke,Admiral Schofield,Team Totals,
25,20231217,ORL,W,114,97,20,5,W 5,BOS,2024,False,97.8,.563,12.4,23.3,.074,116.5,98.3,.444,8.3,18.2,.202,98.6,Jrue Holiday,Jaylen Brown,Jayson Tatum,Kristaps Porziņģis,Derrick White,Al Horford,Payton Pritchard,Sam Hauser,Neemias Queta,Dalano Banton,Oshae Brissett,Lamar Stevens,Svi Mykhailiuk,Team Totals,,,Franz Wagner,Paolo Banchero,Jalen Suggs,Goga Bitadze,Anthony Black,Gary Harris,Cole Anthony,Jonathan Isaac,Caleb Houstan,Moritz Wagner,Jett Howard,Chuma Okeke,Admiral Schofield,Joe Ingles,Team Totals,
26,20231219,GSW,L,126,132,20,6,L 1,BOS,2024,False,95.5,.487,6.2,30.5,.132,119.5,95.5,.550,8.0,32.7,.110,125.2,Jaylen Brown,Jayson Tatum,Derrick White,Al Horford,Jrue Holiday,Neemias Queta,Sam Hauser,Payton Pritchard,Oshae Brissett,Svi Mykhailiuk,Dalano Banton,Lamar Stevens,Team Totals,,,,Klay Thompson,Stephen Curry,Jonathan Kuminga,Brandin Podziemski,Kevon Looney,Chris Paul,Trayce Jackson-Davis,Andrew Wiggins,Moses Moody,Dario Šarić,Cory Joseph,Draymond Green,Gary Payton II,Team Totals,,
27,20231220,SAC,W,144,119,21,6,W 1,BOS,2024,False,94.6,.674,8.1,35.9,.217,152.2,94.6,.588,6.5,25.0,.132,125.8,Sam Hauser,Jrue Holiday,Derrick White,Jaylen Brown,Kristaps Porziņģis,Payton Pritchard,Neemias Queta,Oshae Brissett,Svi Mykhailiuk,Lamar Stevens,Dalano Banton,Team Totals,,,,,Harrison Barnes,De'Aaron Fox,Domantas Sabonis,Keegan Murray,Kevin Huerter,Trey Lyles,Malik Monk,Keon Ellis,Sasha Vezenkov,JaVale McGee,Kessler Edwards,Chris Duarte,Davion Mitchell,Juan Toscano-Anderson,Team Totals,
28,20231223,LAC,W,145,108,22,6,W 2,BOS,2024,False,95.9,.654,8.6,37.5,.234,151.1,95.9,.522,10.3,20.0,.169,112.6,Jayson Tatum,Jaylen Brown,Derrick White,Jrue Holiday,Al Horford,Payton Pritchard,Neemias Queta,Sam Hauser,Oshae Brissett,Lamar Stevens,Dalano Banton,Drew Peterson,JD Davison,Jordan Walsh,Team Totals,,Paul George,James Harden,Ivica Zubac,Terance Mann,Amir Coffey,Kobe Brown,Norman Powell,Daniel Theis,Russell Westbrook,Brandon Boston Jr.,Bones Hyland,P.J. Tucker,Team Totals,,,
29,20231225,LAL,W,126,115,23,6,W 3,BOS,2024,False,96.7,.577,7.2,26.8,.231,130.3,96.7,.550,10.8,28.3,.178,118.9,Jayson Tatum,Jrue Holiday,Kristaps Porziņģis,Derrick White,Jaylen Brown,Al Horford,Sam Hauser,Payton Pritchard,Neemias Queta,Dalano Banton,Oshae Brissett,JD Davison,Luke Kornet,Drew Peterson,Jordan Walsh,Team Totals,Taurean Prince,Anthony Davis,LeBron James,Jarred Vanderbilt,Cam Reddish,Rui Hachimura,Austin Reaves,D'Angelo Russell,Jaxson Hayes,Max Christie,Jalen Hood-Schifino,Maxwell Lewis,Christian Wood,Team Totals,,
30,20231228,DET,W,128,122,24,6,W 4,BOS,2024,False,97.0,.540,9.8,22.4,.212,119.5,97.5,.545,14.8,37.3,.119,113.4,Jrue Holiday,Jayson Tatum,Derrick White,Al Horford,Kristaps Porziņģis,Payton Pritchard,Neemias Queta,Sam Hauser,Oshae Brissett,Dalano Banton,Luke Kornet,Svi Mykhailiuk,Lamar Stevens,Team Totals,,,Bojan Bogdanović,Cade Cunningham,Jalen Duren,Jaden Ivey,Kevin Knox,Alec Burks,Isaiah Livers,James Wiseman,Ausar Thompson,Killian Hayes,Marvin Bagley III,Joe Harris,Marcus Sasser,Team Totals,,
31,20231229,TOR,W,120,118,25,6,W 5,BOS,2024,False,96.9,.585,14.2,31.0,.193,123.8,97.4,.553,4.6,18.8,.137,121.1,Jaylen Brown,Derrick White,Sam Hauser,Luke Kornet,Jrue Holiday,Payton Pritchard,Oshae Brissett,Neemias Queta,Svi Mykhailiuk,Dalano Banton,Lamar Stevens,Jayson Tatum,Team Totals,,,,Pascal Siakam,Scottie Barnes,OG Anunoby,Gary Trent Jr.,Jakob Poeltl,Dennis Schröder,Jalen McDaniels,Otto Porter Jr.,Chris Boucher,Malachi Flynn,Precious Achiuwa,Gradey Dick,Thaddeus Young,Team Totals,,
32,20231231,SAS,W,134,101,26,6,W 6,BOS,2024,False,100.8,.616,9.5,30.2,.179,133.0,102.3,.489,13.9,17.0,.096,98.8,Jayson Tatum,Kristaps Porziņģis,Jaylen Brown,Derrick White,Al Horford,Oshae Brissett,Sam Hauser,Payton Pritchard,Luke Kornet,Dalano Banton,Svi Mykhailiuk,Lamar Stevens,Neemias Queta,Team Totals,,,Devin Vassell,Jeremy Sochan,Victor Wembanyama,Malaki Branham,Julian Champagnie,Tre Jones,Sandro Mamukelashvili,Blake Wesley,Cedi Osman,Doug McDermott,Dominick Barlow,Devonte' Graham,Sidy Cissoko,Team Totals,,
33,20240102,OKC,L,123,127,26,7,L 1,BOS,2024,False,96.8,.538,11.8,37.8,.261,127.0,97.8,.626,10.9,25.0,.143,129.8,Jaylen Brown,Jayson Tatum,Kristaps Porziņģis,Jrue Holiday,Derrick White,Payton Pritchard,Al Horford,Luke Kornet,Sam Hauser,Dalano Banton,Oshae Brissett,Svi Mykhailiuk,Neemias Queta,Lamar Stevens,Team Totals,,Luguentz Dort,Shai Gilgeous-Alexander,Chet Holmgren,Jalen Williams,Josh Giddey,Cason Wallace,Kenrich Williams,Aaron Wiggins,Isaiah Joe,Vasilije Micić,Jaylin Williams,Dāvis Bertāns,Tre Mann,Aleksej Pokusevski,Team Totals,
34,20240105,UTA,W,126,97,27,7,W 1,BOS,2024,False,108.9,.528,11.7,18.0,.344,115.7,107.9,.394,14.2,25.4,.245,89.9,Kristaps Porziņģis,Jaylen Brown,Derrick White,Jayson Tatum,Jrue Holiday,Sam Hauser,Payton Pritchard,Oshae Brissett,Svi Mykhailiuk,Lamar Stevens,Luke Kornet,Dalano Banton,Neemias Queta,Team Totals,,,Kris Dunn,Simone Fontecchio,Lauri Markkanen,John Collins,Collin Sexton,Ochai Agbaji,Keyonte George,Jordan Clarkson,Walker Kessler,Kelly Olynyk,Talen Horton-Tucker,Luka Šamanić,Omer Yurtseven,Team Totals,,
35,20240106,IND,W,118,101,28,7,W 2,BOS,2024,False,99.8,.600,15.5,31.7,.111,118.3,99.3,.457,8.1,18.9,.185,101.7,Jayson Tatum,Jrue Holiday,Jaylen Brown,Derrick White,Kristaps Porziņģis,Al Horford,Oshae Brissett,Sam Hauser,Luke Kornet,Payton Pritchard,Dalano Banton,Svi Mykhailiuk,Neemias Queta,Lamar Stevens,Team Totals,,Tyrese Haliburton,Aaron Nesmith,Buddy Hield,Myles Turner,Jalen Smith,Bennedict Mathurin,Obi Toppin,T.J. McConnell,Isaiah Jackson,Ben Sheppard,Oscar Tshiebwe,Kendall Brown,Jordan Nwora,Jarace Walker,James Johnson,Team Totals
36,20240108,IND,L,131,133,28,8,L 1,BOS,2024,False,102.3,.617,12.7,30.2,.222,128.1,102.3,.632,11.4,23.7,.198,130.0,Jaylen Brown,Jrue Holiday,Kristaps Porziņģis,Derrick White,Al Horford,Payton Pritchard,Oshae Brissett,Luke Kornet,Svi Mykhailiuk,Dalano Banton,Neemias Queta,Lamar Stevens,Team Totals,,,,Myles Turner,Jalen Smith,Aaron Nesmith,Bruce Brown,Tyrese Haliburton,Bennedict Mathurin,Buddy Hield,T.J. McConnell,Obi Toppin,Andrew Nembhard,Isaiah Jackson,James Johnson,Jordan Nwora,Ben Sheppard,Jarace Walker,Team Totals
37,20240110,MIN,W,127,120,29,8,W 1,BOS,2024,False,92.7,.539,7.2,15.2,.333,124.0,92.7,.537,8.0,17.0,.189,117.2,Derrick White,Jaylen Brown,Jayson Tatum,Jrue Holiday,Al Horford,Luke Kornet,Sam Hauser,Payton Pritchard,Oshae Brissett,Dalano Banton,Svi Mykhailiuk,Neemias Queta,Lamar Stevens,Team Totals,,,Anthony Edwards,Karl-Anthony Towns,Nickeil Alexander-Walker,Kyle Anderson,Jaden McDaniels,Naz Reid,Jordan McLaughlin,Shake Milton,Troy Brown Jr.,Luka Garza,Leonard Miller,Josh Minott,Wendell Moore Jr.,Daishen Nix,Team Totals,
38,20240111,MIL,L,102,135,29,9,L 1,BOS,2024,False,97.4,.423,5.4,12.5,.275,104.7,98.4,.663,10.0,32.4,.141,137.1,Kristaps Porziņģis,Jrue Holiday,Jaylen Brown,Derrick White,Jayson Tatum,Payton Pritchard,Sam Hauser,Lamar Stevens,Dalano Banton,Oshae Brissett,Svi Mykhailiuk,Neemias Queta,Luke Kornet,Team Totals,,,Brook Lopez,Malik Beasley,Damian Lillard,Giannis Antetokounmpo,Khris Middleton,Bobby Portis,Pat Connaughton,Andre Jackson Jr.,Cameron Payne,MarJon Beauchamp,Thanasis Antetokounmpo,Chris Livingston,A.J. Green,Robin Lopez,TyTy Washington Jr.,Team Totals
39,20240113,HOU,W,145,113,30,9,W 1,BOS,2024,False,106.2,.663,10.2,22.2,.200,136.6,106.2,.439,10.4,27.3,.263,106.4,Jayson Tatum,Jaylen Brown,Kristaps Porziņģis,Jrue Holiday,Derrick White,Payton Pritchard,Al Horford,Sam Hauser,Luke Kornet,Svi Mykhailiuk,Oshae Brissett,Lamar Stevens,Dalano Banton,Team Totals,,,Jabari Smith Jr.,Dillon Brooks,Alperen Sengun,Fred VanVleet,Jalen Green,Cam Whitmore,Amen Thompson,Jeff Green,Jock Landale,Jeenathan Williams,Jae'Sean Tate,Aaron Holiday,Reggie Bullock,Boban Marjanović,Team Totals,
40,20240115,TOR,W,105,96,31,9,W 2,BOS,2024,False,100.2,.500,12.3,10.4,.280,104.8,99.7,.421,6.3,15.8,.168,96.3,Jayson Tatum,Derrick White,Al Horford,Jrue Holiday,Kristaps Porziņģis,Payton Pritchard,Luke Kornet,Sam Hauser,Oshae Brissett,Dalano Banton,Svi Mykhailiuk,Neemias Queta,Lamar Stevens,Team Totals,,,Scottie Barnes,Immanuel Quickley,Pascal Siakam,RJ Barrett,Jontay Porter,Dennis Schröder,Thaddeus Young,Chris Boucher,Jalen McDaniels,Gradey Dick,Otto Porter Jr.,Garrett Temple,Team Totals,,,
41,20240117,SAS,W,117,98,32,9,W 3,BOS,2024,False,97.2,.567,12.5,28.6,.167,120.4,96.2,.457,9.1,20.8,.140,101.9,Jayson Tatum,Jrue Holiday,Jaylen Brown,Luke Kornet,Al Horford,Payton Pritchard,Sam Hauser,Oshae Brissett,Neemias Queta,Lamar Stevens,Dalano Banton,Svi Mykhailiuk,JD Davison,Jordan Walsh,Team Totals,,Devin Vassell,Jeremy Sochan,Tre Jones,Victor Wembanyama,Julian Champagnie,Keldon Johnson,Dominick Barlow,Malaki Branham,Cedi Osman,Doug McDermott,Blake Wesley,Mamadi Diakite,Sandro Mamukelashvili,Devonte' Graham,Team Totals,
42,20240119,DEN,L,100,102,32,10,L 1,BOS,2024,False,83.9,.506,3.1,24.5,.112,119.2,84.4,.568,11.3,27.8,.123,120.8,Jayson Tatum,Kristaps Porziņģis,Jaylen Brown,Derrick White,Jrue Holiday,Al Horford,Sam Hauser,Payton Pritchard,Luke Kornet,Dalano Banton,Oshae Brissett,Svi Mykhailiuk,Neemias Queta,Lamar Stevens,Team Totals,,Aaron Gordon,Nikola Jokić,Michael Porter Jr.,Jamal Murray,Kentavious Caldwell-Pope,Reggie Jackson,Peyton Watson,Christian Braun,Justin Holiday,Collin Gillespie,Jay Huff,DeAndre Jordan,Braxton Key,Zeke Nnaji,Hunter Tyson,Team Totals
43,20240121,HOU,W,116,107,33,10,W 1,BOS,2024,False,104.5,.526,13.1,29.6,.133,111.0,104.5,.489,12.6,22.0,.160,102.3,Derrick White,Jayson Tatum,Kristaps Porziņģis,Jaylen Brown,Sam Hauser,Payton Pritchard,Luke Kornet,Oshae Brissett,Neemias Queta,Dalano Banton,Svi Mykhailiuk,Lamar Stevens,Jordan Walsh,Team Totals,,,Dillon Brooks,Alperen Sengun,Jalen Green,Amen Thompson,Cam Whitmore,Aaron Holiday,Jeenathan Williams,Jae'Sean Tate,Jock Landale,Nate Hinton,Boban Marjanović,Jermaine Samuels,Team Totals,,,
44,20240122,DAL,W,119,110,34,10,W 2,BOS,2024,False,100.5,.551,5.6,11.6,.250,118.4,100.5,.515,8.8,20.4,.103,109.5,Jayson Tatum,Jrue Holiday,Jaylen Brown,Derrick White,Al Horford,Payton Pritchard,Luke Kornet,Sam Hauser,Dalano Banton,Svi Mykhailiuk,Neemias Queta,Lamar Stevens,Jordan Walsh,Team Totals,,,Luka Dončić,Josh Green,Kyrie Irving,Derrick Jones Jr.,Dereck Lively II,Tim Hardaway Jr.,Maxi Kleber,Grant Williams,Jaden Hardy,Richaun Holmes,A.J. Lawson,Markieff Morris,Dwight Powell,Olivier-Maxence Prosper,Brandon Williams,Team Totals
45,20240125,MIA,W,143,110,35,10,W 3,BOS,2024,False,91.6,.775,11.0,23.1,.238,156.1,92.1,.532,4.8,21.2,.106,119.4,Jayson Tatum,Derrick White,Jrue Holiday,Jaylen Brown,Kristaps Porziņģis,Payton Pritchard,Al Horford,Luke Kornet,Sam Hauser,Dalano Banton,Lamar Stevens,Neemias Queta,Oshae Brissett,Svi Mykhailiuk,Jordan Walsh,Team Totals,Tyler Herro,Jimmy Butler,Bam Adebayo,Terry Rozier,Haywood Highsmith,Josh Richardson,Caleb Martin,Duncan Robinson,Thomas Bryant,Nikola Jović,Orlando Robinson,Cole Swider,Team Totals,,,
46,20240127,LAC,L,96,115,35,11,L 1,BOS,2024,False,97.4,.410,9.3,29.5,.140,98.6,97.9,.490,6.8,30.6,.147,117.5,Jayson Tatum,Jrue Holiday,Derrick White,Jaylen Brown,Al Horford,Payton Pritchard,Sam Hauser,Luke Kornet,Oshae Brissett,Neemias Queta,Dalano Banton,Lamar Stevens,Svi Mykhailiuk,Team Totals,,,Kawhi Leonard,James Harden,Terance Mann,Paul George,Mason Plumlee,Amir Coffey,Daniel Theis,Norman Powell,Russell Westbrook,Brandon Boston Jr.,Bones Hyland,Kobe Brown,P.J. Tucker,Team Totals,,
47,20240129,NOP,W,118,112,36,11,W 1,BOS,2024,False,97.4,.606,10.5,16.2,.176,121.1,97.4,.560,11.0,20.9,.110,115.0,Jayson Tatum,Jaylen Brown,Al Horford,Derrick White,Jrue Holiday,Sam Hauser,Payton Pritchard,Oshae Brissett,Neemias Queta,Dalano Banton,Svi Mykhailiuk,Lamar Stevens,Team Totals,,,,CJ McCollum,Brandon Ingram,Zion Williamson,Herbert Jones,Jonas Valančiūnas,Trey Murphy III,Larry Nance Jr.,Naji Marshall,Dyson Daniels,Jordan Hawkins,Jose Alvarado,E.J. Liddell,Jeremiah Robinson-Earl,Cody Zeller,Team Totals,
48,20240130,IND,W,129,124,37,11,W 2,BOS,2024,False,99.1,.638,11.0,18.4,.207,130.1,98.6,.519,6.5,36.5,.111,125.7,Jrue Holiday,Jayson Tatum,Jaylen Brown,Derrick White,Kristaps Porziņģis,Sam Hauser,Payton Pritchard,Neemias Queta,Oshae Brissett,Dalano Banton,Svi Mykhailiuk,Lamar Stevens,Team Totals,,,,Aaron Nesmith,Buddy Hield,Pascal Siakam,Myles Turner,Tyrese Haliburton,Andrew Nembhard,Obi Toppin,Jalen Smith,Ben Sheppard,Kendall Brown,Isaiah Jackson,James Johnson,Jarace Walker,Team Totals,,
49,20240201,LAL,L,105,114,37,12,L 1,BOS,2024,False,96.7,.505,13.0,27.5,.072,108.6,96.7,.505,6.2,27.3,.202,117.9,Jayson Tatum,Derrick White,Kristaps Porziņģis,Jrue Holiday,Jaylen Brown,Al Horford,Sam Hauser,Payton Pritchard,Neemias Queta,Dalano Banton,Oshae Brissett,Svi Mykhailiuk,Lamar Stevens,Team Totals,,,D'Angelo Russell,Taurean Prince,Austin Reaves,Jaxson Hayes,Jarred Vanderbilt,Rui Hachimura,Max Christie,Christian Wood,Jalen Hood-Schifino,Maxwell Lewis,Skylar Mays,Dylan Windler,Team Totals,,,
50,20240204,MEM,W,131,91,38,12,W 1,BOS,2024,False,98.4,.581,9.3,36.2,.162,133.1,97.9,.440,17.1,28.6,.109,92.9,Jayson Tatum,Derrick White,Kristaps Porziņģis,Jrue Holiday,Al Horford,Sam Hauser,Payton Pritchard,Luke Kornet,Oshae Brissett,Neemias Queta,Jordan Walsh,Svi Mykhailiuk,Lamar Stevens,Dalano Banton,Team Totals,,Jacob Gilyard,GG Jackson II,David Roddy,Luke Kennard,Trey Jemison,Matthew Hurt,Tosan Evbuomwan,Scotty Pippen Jr.,Santi Aldama,John Konchar,Derrick Rose,Vince Williams Jr.,Team Totals,,,
51,20240207,ATL,W,125,117,39,12,W 2,BOS,2024,False,103.9,.618,12.5,14.3,.108,120.3,103.9,.485,7.5,25.0,.176,112.6,Al Horford,Jayson Tatum,Derrick White,Jaylen Brown,Kristaps Porziņģis,Sam Hauser,Luke Kornet,Payton Pritchard,Oshae Brissett,Dalano Banton,Svi Mykhailiuk,Neemias Queta,Jordan Walsh,Team Totals,,,Trae Young,Jalen Johnson,Onyeka Okongwu,Saddiq Bey,Bogdan Bogdanović,De'Andre Hunter,Garrison Mathews,Bruno Fernando,Patty Mills,AJ Griffin,Wesley Matthews,Dejounte Murray,Team Totals,,,
52,20240209,WAS,W,133,129,40,12,W 3,BOS,2024,False,107.9,.582,11.1,20.9,.283,123.3,107.9,.579,10.3,11.1,.200,119.6,Jayson Tatum,Jaylen Brown,Jrue Holiday,Derrick White,Kristaps Porziņģis,Al Horford,Payton Pritchard,Sam Hauser,Luke Kornet,Oshae Brissett,JD Davison,Svi Mykhailiuk,Drew Peterson,Jordan Walsh,Team Totals,,Deni Avdija,Tyus Jones,Jordan Poole,Kyle Kuzma,Bilal Coulibaly,Corey Kispert,Landry Shamet,Eugene Omoruyi,Delon Wright,Jules Bernard,Johnny Davis,Anthony Gill,Team Totals,,,
53,20240211,MIA,W,110,106,41,12,W 4,BOS,2024,False,92.4,.605,11.1,16.2,.148,119.1,91.4,.474,6.3,28.0,.144,116.0,Jayson Tatum,Derrick White,Jaylen Brown,Jrue Holiday,Kristaps Porziņģis,Al Horford,Payton Pritchard,Sam Hauser,Luke Kornet,Oshae Brissett,Svi Mykhailiuk,Jordan Walsh,Team Totals,,,,Tyler Herro,Caleb Martin,Bam Adebayo,Jaime Jaquez Jr.,Terry Rozier,Duncan Robinson,Haywood Highsmith,Kevin Love,Josh Richardson,Orlando Robinson,Thomas Bryant,Jamal Cain,Nikola Jović,Team Totals,,
54,20240213,BRK,W,118,110,42,12,W 5,BOS,2024,False,95.9,.608,13.1,18.9,.205,123.0,95.4,.589,11.7,17.9,.215,115.3,Jayson Tatum,Derrick White,Jaylen Brown,Al Horford,Jrue Holiday,Payton Pritchard,Luke Kornet,Sam Hauser,Oshae Brissett,Svi Mykhailiuk,Neemias Queta,Jordan Walsh,Team Totals,,,,Mikal Bridges,Cam Thomas,Nic Claxton,Ben Simmons,Dorian Finney-Smith,Dennis Schröder,Jalen Wilson,Lonnie Walker IV,Dennis Smith Jr.,Day'Ron Sharpe,Keita Bates-Diop,Noah Clowney,Keon Johnson,Trendon Watford,Team Totals,
55,20240214,BRK,W,136,86,43,12,W 6,BOS,2024,False,92.5,.692,9.4,28.6,.110,147.0,92.0,.444,12.0,12.8,.173,93.5,Sam Hauser,Jayson Tatum,Derrick White,Jrue Holiday,Kristaps Porziņģis,Payton Pritchard,Oshae Brissett,Luke Kornet,Jordan Walsh,Svi Mykhailiuk,Neemias Queta,Team Totals,,,,,Mikal Bridges,Cam Thomas,Nic Claxton,Dennis Schröder,Dorian Finney-Smith,Trendon Watford,Jalen Wilson,Dennis Smith Jr.,Cameron Johnson,Day'Ron Sharpe,Keon Johnson,Keita Bates-Diop,Lonnie Walker IV,Noah Clowney,Team Totals,
56,20240222,CHI,W,129,112,44,12,W 7,BOS,2024,False,98.7,.681,13.2,13.5,.193,130.6,98.2,.521,11.4,29.5,.149,114.0,Jayson Tatum,Derrick White,Jaylen Brown,Kristaps Porziņģis,Jrue Holiday,Al Horford,Payton Pritchard,Sam Hauser,Luke Kornet,Xavier Tillman Sr.,Svi Mykhailiuk,Oshae Brissett,Jaden Springer,Team Totals,,,Ayo Dosunmu,DeMar DeRozan,Coby White,Nikola Vučević,Alex Caruso,Julian Phillips,Andre Drummond,Jevon Carter,Dalen Terry,Onuralp Bitim,Terry Taylor,Torrey Craig,Team Totals,,,
57,20240224,NYK,W,116,102,45,12,W 8,BOS,2024,False,82.2,.660,7.5,31.4,.111,141.1,82.7,.530,13.6,37.5,.183,123.4,Jayson Tatum,Jrue Holiday,Jaylen Brown,Derrick White,Kristaps Porziņģis,Al Horford,Payton Pritchard,Sam Hauser,Luke Kornet,Jaden Springer,Oshae Brissett,Svi Mykhailiuk,Xavier Tillman Sr.,Team Totals,,,Josh Hart,Jalen Brunson,Precious Achiuwa,Donte DiVincenzo,Isaiah Hartenstein,Alec Burks,Bojan Bogdanović,Miles McBride,Jericho Sims,DaQuan Jeffries,Jacob Toppin,Julius Randle,Team Totals,,,
58,20240227,PHI,W,117,99,46,12,W 9,BOS,2024,False,95.1,.561,13.4,31.0,.459,123.1,95.6,.468,9.2,14.5,.117,103.6,Jrue Holiday,Jayson Tatum,Jaylen Brown,Kristaps Porziņģis,Derrick White,Al Horford,Sam Hauser,Payton Pritchard,Luke Kornet,Oshae Brissett,Jaden Springer,Svi Mykhailiuk,Xavier Tillman Sr.,Jordan Walsh,Team Totals,,Tyrese Maxey,Buddy Hield,Tobias Harris,Kelly Oubre Jr.,Paul Reed,Kyle Lowry,Nicolas Batum,Ricky Council IV,Mo Bamba,Cameron Payne,De'Anthony Melton,Darius Bazley,Team Totals,,,
59,20240301,DAL,W,138,110,47,12,W 10,BOS,2024,False,97.7,.665,8.3,22.0,.138,141.3,98.2,.516,7.3,20.8,.138,112.0,Jayson Tatum,Derrick White,Jaylen Brown,Kristaps Porziņģis,Jrue Holiday,Al Horford,Payton Pritchard,Sam Hauser,Xavier Tillman Sr.,Oshae Brissett,Svi Mykhailiuk,Jaden Springer,Luke Kornet,Team Totals,,,Kyrie Irving,Luka Dončić,P.J. Washington,Josh Green,Dereck Lively II,Maxi Kleber,Tim Hardaway Jr.,Dante Exum,Derrick Jones Jr.,Daniel Gafford,Jaden Hardy,Olivier-Maxence Prosper,Dwight Powell,Markieff Morris,Team Totals,
60,20240303,GSW,W,140,88,48,12,W 11,BOS,2024,False,101.0,.682,7.4,17.1,.094,138.7,100.5,.429,14.8,21.4,.098,87.6,Jrue Holiday,Jayson Tatum,Jaylen Brown,Al Horford,Derrick White,Payton Pritchard,Sam Hauser,Svi Mykhailiuk,Oshae Brissett,Xavier Tillman Sr.,Jaden Springer,Luke Kornet,Team Totals,,,,Jonathan Kuminga,Moses Moody,Stephen Curry,Draymond Green,Klay Thompson,Lester Quinones,Gary Payton II,Trayce Jackson-Davis,Chris Paul,Gui Santos,Jerome Robinson,Dario Šarić,Kevon Looney,Team Totals,,
61,20240305,CLE,L,104,105,48,13,L 1,BOS,2024,False,93.5,.500,11.7,29.2,.118,111.2,94.0,.544,8.7,17.0,.078,111.7,Jayson Tatum,Jaylen Brown,Jrue Holiday,Derrick White,Kristaps Porziņģis,Al Horford,Luke Kornet,Sam Hauser,Payton Pritchard,Oshae Brissett,Svi Mykhailiuk,Jaden Springer,Jordan Walsh,Team Totals,,,Darius Garland,Jarrett Allen,Isaac Okoro,Sam Merrill,Evan Mobley,Caris LeVert,Georges Niang,Dean Wade,Craig Porter Jr.,Emoni Bates,Sharife Cooper,Damian Jones,Pete Nance,Team Totals,,
62,20240307,DEN,L,109,115,48,14,L 2,BOS,2024,False,97.9,.511,10.5,26.0,.176,111.4,98.4,.522,7.4,19.0,.233,116.9,Jaylen Brown,Jayson Tatum,Derrick White,Kristaps Porziņģis,Jrue Holiday,Al Horford,Xavier Tillman Sr.,Payton Pritchard,Sam Hauser,Oshae Brissett,Luke Kornet,Svi Mykhailiuk,Jaden Springer,Team Totals,,,Nikola Jokić,Jamal Murray,Aaron Gordon,Kentavious Caldwell-Pope,Michael Porter Jr.,Peyton Watson,Christian Braun,Justin Holiday,Reggie Jackson,Zeke Nnaji,Jay Huff,DeAndre Jordan,Jalen Pickett,Julian Strawther,Hunter Tyson,Team Totals
63,20240309,PHO,W,117,107,49,14,W 1,BOS,2024,False,96.0,.569,10.7,29.5,.106,121.9,96.5,.557,13.8,25.0,.115,110.9,Jayson Tatum,Jrue Holiday,Derrick White,Jaylen Brown,Al Horford,Payton Pritchard,Luke Kornet,Sam Hauser,JD Davison,Jaden Springer,Oshae Brissett,Svi Mykhailiuk,Xavier Tillman Sr.,Team Totals,,,Grayson Allen,Bradley Beal,Kevin Durant,Royce O'Neale,Jusuf Nurkić,Eric Gordon,Drew Eubanks,Bol Bol,David Roddy,Saben Lee,Ish Wainright,Thaddeus Young,Team Totals,,,
64,20240311,POR,W,121,99,50,14,W 2,BOS,2024,False,90.4,.565,2.8,32.6,.080,133.8,90.4,.506,10.7,22.5,.126,109.5,Jayson Tatum,Derrick White,Jaylen Brown,Al Horford,Payton Pritchard,Sam Hauser,Luke Kornet,Oshae Brissett,JD Davison,Neemias Queta,Jaden Springer,Xavier Tillman Sr.,Team Totals,,,,Jerami Grant,Anfernee Simons,Scoot Henderson,Deandre Ayton,Kris Murray,Toumani Camara,Dalano Banton,Matisse Thybulle,Duop Reath,Moses Brown,Rayan Rupert,Shaedon Sharpe,Team Totals,,,
65,20240312,UTA,W,123,107,51,14,W 3,BOS,2024,False,90.7,.576,8.2,32.6,.185,135.6,90.2,.564,9.9,22.0,.116,118.7,Jrue Holiday,Derrick White,Sam Hauser,Jayson Tatum,Luke Kornet,Xavier Tillman Sr.,Payton Pritchard,Oshae Brissett,JD Davison,Jaden Springer,Svi Mykhailiuk,Neemias Queta,Team Totals,,,,Keyonte George,Collin Sexton,John Collins,Brice Sensabaugh,Luka Šamanić,Jordan Clarkson,Kris Dunn,Walker Kessler,Talen Horton-Tucker,Micah Potter,Johnny Juzang,Kira Lewis Jr.,Kenneth Lofton Jr.,Omer Yurtseven,Team Totals,
66,20240314,PHO,W,127,112,52,14,W 4,BOS,2024,False,94.7,.669,9.6,15.8,.090,134.2,94.2,.530,11.9,41.3,.071,118.9,Jaylen Brown,Derrick White,Jayson Tatum,Jrue Holiday,Al Horford,Sam Hauser,Payton Pritchard,Xavier Tillman Sr.,Luke Kornet,Oshae Brissett,Svi Mykhailiuk,Neemias Queta,Jaden Springer,Team Totals,,,Devin Booker,Grayson Allen,Bradley Beal,Kevin Durant,Jusuf Nurkić,Royce O'Neale,Bol Bol,Ish Wainright,Drew Eubanks,David Roddy,Thaddeus Young,Nassir Little,Team Totals,,,
67,20240317,WAS,W,130,104,53,14,W 5,BOS,2024,False,98.1,.632,13.3,28.6,.230,132.5,97.6,.517,14.4,24.4,.135,106.5,Oshae Brissett,Jayson Tatum,Sam Hauser,Al Horford,Jrue Holiday,Payton Pritchard,Svi Mykhailiuk,Luke Kornet,Jaden Springer,Xavier Tillman Sr.,Neemias Queta,Jaylen Brown,Team Totals,,,,Justin Champagnie,Patrick Baldwin Jr.,Jordan Poole,Corey Kispert,Richaun Holmes,Anthony Gill,Jules Bernard,Johnny Davis,Jared Butler,Eugene Omoruyi,Bilal Coulibaly,Team Totals,,,,
68,20240318,DET,W,119,94,54,14,W 6,BOS,2024,False,93.8,.568,9.8,30.0,.116,126.9,93.3,.482,12.5,17.4,.155,100.8,Payton Pritchard,Derrick White,Jaylen Brown,Luke Kornet,Kristaps Porziņģis,Svi Mykhailiuk,Jaden Springer,Oshae Brissett,Xavier Tillman Sr.,Jordan Walsh,Drew Peterson,Neemias Queta,Team Totals,,,,Marcus Sasser,Stanley Umude,Jaden Ivey,Jalen Duren,Isaiah Stewart,James Wiseman,Evan Fournier,Malachi Flynn,Tosan Evbuomwan,Taj Gibson,Troy Brown Jr.,Cade Cunningham,Simone Fontecchio,Team Totals,,
69,20240320,MIL,W,122,119,55,14,W 7,BOS,2024,False,93.1,.576,8.4,25.6,.282,131.1,93.6,.637,14.3,25.7,.143,127.2,Jayson Tatum,Al Horford,Derrick White,Jaylen Brown,Kristaps Porziņģis,Payton Pritchard,Xavier Tillman Sr.,Luke Kornet,Svi Mykhailiuk,Oshae Brissett,Drew Peterson,Jaden Springer,Team Totals,,,,Damian Lillard,Khris Middleton,Malik Beasley,Brook Lopez,Jae Crowder,Bobby Portis,Pat Connaughton,Patrick Beverley,Danilo Gallinari,A.J. Green,Thanasis Antetokounmpo,MarJon Beauchamp,Andre Jackson Jr.,Team Totals,,
70,20240322,DET,W,129,102,56,14,W 8,BOS,2024,False,97.2,.618,6.5,19.0,.213,132.7,97.7,.560,17.6,22.9,.108,104.4,Payton Pritchard,Derrick White,Jaylen Brown,Kristaps Porziņģis,Xavier Tillman Sr.,Sam Hauser,Oshae Brissett,Luke Kornet,Svi Mykhailiuk,Neemias Queta,JD Davison,Jordan Walsh,Jaden Springer,Team Totals,,,James Wiseman,Tosan Evbuomwan,Cade Cunningham,Jaden Ivey,Troy Brown Jr.,Marcus Sasser,Evan Fournier,Chimezie Metu,Jared Rhoden,Buddy Boeheim,Jalen Duren,Malachi Flynn,Stanley Umude,Team Totals,,
71,20240323,CHI,W,124,113,57,14,W 9,BOS,2024,False,90.2,.634,11.4,31.6,.174,137.4,90.2,.628,7.5,9.4,.122,125.2,Derrick White,Jayson Tatum,Sam Hauser,Al Horford,Luke Kornet,Payton Pritchard,Oshae Brissett,Xavier Tillman Sr.,Svi Mykhailiuk,Jaden Springer,JD Davison,Neemias Queta,Jordan Walsh,Team Totals,,,DeMar DeRozan,Ayo Dosunmu,Coby White,Nikola Vučević,Alex Caruso,Dalen Terry,Torrey Craig,Andre Drummond,Onuralp Bitim,Terry Taylor,Jevon Carter,Javonte Green,Team Totals,,,
72,20240325,ATL,L,118,120,57,15,L 1,BOS,2024,False,93.7,.553,8.0,29.3,.137,126.0,92.7,.632,12.1,36.6,.115,129.5,Jayson Tatum,Jaylen Brown,Al Horford,Kristaps Porziņģis,Sam Hauser,Payton Pritchard,Svi Mykhailiuk,Oshae Brissett,Luke Kornet,Jaden Springer,JD Davison,Derrick White,Team Totals,,,,Dejounte Murray,Bogdan Bogdanović,De'Andre Hunter,Vit Krejci,Clint Capela,Bruno Fernando,Garrison Mathews,Wesley Matthews,Trent Forrest,Dylan Windler,Jalen Johnson,Trae Young,Team Totals,,,
73,20240328,ATL,L,122,123,57,16,L 2,BOS,2024,False,92.4,.553,10.4,20.0,.191,119.6,92.4,.563,9.2,33.3,.058,120.6,Jayson Tatum,Derrick White,Kristaps Porziņģis,Jaylen Brown,Jrue Holiday,Sam Hauser,Payton Pritchard,Luke Kornet,Xavier Tillman Sr.,Oshae Brissett,Al Horford,Svi Mykhailiuk,Team Totals,,,,Dejounte Murray,Bogdan Bogdanović,De'Andre Hunter,Vit Krejci,Clint Capela,Wesley Matthews,Bruno Fernando,Garrison Mathews,Trent Forrest,Jalen Johnson,Dylan Windler,Trae Young,Team Totals,,,
74,20240330,NOP,W,104,92,58,16,W 1,BOS,2024,False,91.0,.567,13.0,20.5,.134,114.2,90.5,.471,8.7,18.9,.128,101.6,Jayson Tatum,Jrue Holiday,Jaylen Brown,Derrick White,Kristaps Porziņģis,Al Horford,Payton Pritchard,Sam Hauser,Xavier Tillman Sr.,Oshae Brissett,Luke Kornet,Svi Mykhailiuk,Team Totals,,,,Zion Williamson,Herbert Jones,Trey Murphy III,CJ McCollum,Jonas Valančiūnas,Naji Marshall,Larry Nance Jr.,Dyson Daniels,Jordan Hawkins,Matt Ryan,Jeremiah Robinson-Earl,Cody Zeller,Team Totals,,,
75,20240401,CHO,W,118,104,59,16,W 2,BOS,2024,False,93.1,.590,10.3,25.6,.146,126.7,93.1,.522,6.8,16.7,.099,111.7,Derrick White,Jayson Tatum,Jrue Holiday,Kristaps Porziņģis,Al Horford,Payton Pritchard,Sam Hauser,Luke Kornet,Oshae Brissett,Xavier Tillman Sr.,Svi Mykhailiuk,Jaden Springer,Team Totals,,,,Miles Bridges,Brandon Miller,Vasilije Micić,Grant Williams,Tre Mann,Dāvis Bertāns,Aleksej Pokusevski,Marques Bolden,JT Thor,Nick Smith Jr.,Bryce McGowens,Amari Bailey,Team Totals,,,
76,20240403,OKC,W,135,100,60,16,W 3,BOS,2024,False,98.1,.636,9.9,29.7,.196,137.6,98.1,.463,13.0,12.5,.309,101.9,Jaylen Brown,Jrue Holiday,Derrick White,Kristaps Porziņģis,Jayson Tatum,Payton Pritchard,Al Horford,Sam Hauser,Luke Kornet,Svi Mykhailiuk,Oshae Brissett,Xavier Tillman Sr.,Team Totals,,,,Aaron Wiggins,Luguentz Dort,Cason Wallace,Josh Giddey,Chet Holmgren,Kenrich Williams,Isaiah Joe,Gordon Hayward,Jaylin Williams,Lindy Waters III,Mike Muscala,Bismack Biyombo,Team Totals,,,
77,20240405,SAC,W,101,100,61,16,W 4,BOS,2024,False,92.2,.494,7.6,23.5,.146,109.5,91.7,.470,6.3,27.8,.071,109.0,Sam Hauser,Jayson Tatum,Jrue Holiday,Kristaps Porziņģis,Al Horford,Payton Pritchard,Xavier Tillman Sr.,Luke Kornet,Svi Mykhailiuk,Oshae Brissett,Jordan Walsh,Drew Peterson,Team Totals,,,,De'Aaron Fox,Keegan Murray,Domantas Sabonis,Harrison Barnes,Keon Ellis,Davion Mitchell,Trey Lyles,Sasha Vezenkov,Kessler Edwards,Colby Jones,Alex Len,Chris Duarte,JaVale McGee,Team Totals,,
78,20240407,POR,W,124,107,62,16,W 5,BOS,2024,False,97.6,.655,12.3,13.9,.115,127.1,97.6,.461,12.2,38.6,.127,109.7,Derrick White,Jaylen Brown,Kristaps Porziņģis,Jrue Holiday,Al Horford,Sam Hauser,Payton Pritchard,Luke Kornet,Xavier Tillman Sr.,Svi Mykhailiuk,Oshae Brissett,Jaden Springer,Team Totals,,,,Scoot Henderson,Deandre Ayton,Jabari Walker,Rayan Rupert,Kris Murray,Dalano Banton,Justin Minaya,Duop Reath,Ibou Badji,Moses Brown,Shaedon Sharpe,Matisse Thybulle,Team Totals,,,
79,20240409,MIL,L,91,104,62,17,L 1,BOS,2024,False,88.7,.489,11.4,23.5,.000,102.6,89.7,.636,18.0,27.8,.012,115.9,Jayson Tatum,Jaylen Brown,Jrue Holiday,Derrick White,Xavier Tillman Sr.,Sam Hauser,Payton Pritchard,Luke Kornet,Svi Mykhailiuk,Oshae Brissett,Al Horford,Jaden Springer,Team Totals,,,,Damian Lillard,Khris Middleton,Giannis Antetokounmpo,Brook Lopez,Patrick Beverley,Malik Beasley,Bobby Portis,Pat Connaughton,A.J. Green,Andre Jackson Jr.,Thanasis Antetokounmpo,Chris Livingston,TyTy Washington Jr.,Jae Crowder,Danilo Gallinari,Team Totals
80,20240411,NYK,L,109,118,62,18,L 2,BOS,2024,False,93.7,.558,11.4,22.2,.151,116.4,95.2,.566,12.7,39.5,.061,124.0,Jayson Tatum,Jrue Holiday,Jaylen Brown,Derrick White,Kristaps Porziņģis,Sam Hauser,Payton Pritchard,Al Horford,Svi Mykhailiuk,Jaden Springer,Luke Kornet,Xavier Tillman Sr.,Team Totals,,,,Donte DiVincenzo,Isaiah Hartenstein,Josh Hart,Jalen Brunson,OG Anunoby,Bojan Bogdanović,Miles McBride,Precious Achiuwa,Mitchell Robinson,Alec Burks,Mamadi Diakite,DaQuan Jeffries,Shake Milton,Jericho Sims,Jacob Toppin,Team Totals
81,20240412,CHO,W,131,98,63,18,W 1,BOS,2024,False,97.7,.587,5.2,35.6,.087,134.1,98.2,.520,18.9,9.8,.250,99.8,Svi Mykhailiuk,Payton Pritchard,Sam Hauser,Jaden Springer,Luke Kornet,Jordan Walsh,Neemias Queta,JD Davison,Oshae Brissett,Xavier Tillman Sr.,Drew Peterson,Derrick White,Team Totals,,,,Tre Mann,Marques Bolden,Vasilije Micić,Miles Bridges,Brandon Miller,Nick Smith Jr.,Dāvis Bertāns,Bryce McGowens,JT Thor,Aleksej Pokusevski,Leaky Black,Amari Bailey,Team Totals,,,
82,20240414,WAS,W,132,122,64,18,W 2,BOS,2024,False,105.8,.663,14.8,26.3,.157,124.7,104.8,.544,10.1,17.4,.097,116.4,Payton Pritchard,Svi Mykhailiuk,Sam Hauser,Luke Kornet,Jordan Walsh,Jaden Springer,Neemias Queta,Oshae Brissett,JD Davison,Drew Peterson,Xavier Tillman Sr.,Derrick White,Team Totals,,,,Patrick Baldwin Jr.,Corey Kispert,Deni Avdija,Johnny Davis,Anthony Gill,Jared Butler,Jules Bernard,Eugene Omoruyi,Justin Champagnie,Richaun Holmes,Jordan Poole,Tristan Vukcevic,Team Totals,,,
1,20240421,MIA,W,114,94,1,0,W 1,BOS,2024,True,87.1,.610,11.0,25.6,.171,131.0,87.6,.543,11.6,12.8,.074,107.4,Jayson Tatum,Jaylen Brown,Kristaps Porziņģis,Derrick White,Jrue Holiday,Al Horford,Payton Pritchard,Sam Hauser,Oshae Brissett,Svi Mykhailiuk,Neemias Queta,Jaden Springer,Xavier Tillman Sr.,Jordan Walsh,Team Totals,,Bam Adebayo,Jaime Jaquez Jr.,Tyler Herro,Caleb Martin,Nikola Jović,Delon Wright,Haywood Highsmith,Duncan Robinson,Kevin Love,Thomas Bryant,Jimmy Butler,Patty Mills,Josh Richardson,Orlando Robinson,Terry Rozier,Team Totals
2,20240424,MIA,L,101,111,1,1,L 1,BOS,2024,True,92.3,.538,12.7,14.3,.188,109.4,92.8,.647,14.4,10.8,.187,119.6,Jayson Tatum,Jrue Holiday,Jaylen Brown,Derrick White,Kristaps Porziņģis,Al Horford,Payton Pritchard,Sam Hauser,Oshae Brissett,Svi Mykhailiuk,Neemias Queta,Jaden Springer,Xavier Tillman Sr.,Jordan Walsh,Team Totals,,Bam Adebayo,Tyler Herro,Caleb Martin,Jaime Jaquez Jr.,Nikola Jović,Haywood Highsmith,Delon Wright,Duncan Robinson,Kevin Love,Thomas Bryant,Jimmy Butler,Patty Mills,Josh Richardson,Orlando Robinson,Terry Rozier,Team Totals
3,20240427,MIA,W,104,84,2,1,W 1,BOS,2024,True,84.1,.543,6.2,27.0,.183,123.6,83.6,.474,12.6,21.4,.143,100.5,Jayson Tatum,Jrue Holiday,Jaylen Brown,Derrick White,Kristaps Porziņģis,Payton Pritchard,Al Horford,Sam Hauser,Luke Kornet,Oshae Brissett,Svi Mykhailiuk,Neemias Queta,Jaden Springer,Xavier Tillman Sr.,Jordan Walsh,Team Totals,Bam Adebayo,Caleb Martin,Nikola Jović,Jaime Jaquez Jr.,Tyler Herro,Haywood Highsmith,Patty Mills,Duncan Robinson,Thomas Bryant,Kevin Love,Orlando Robinson,Jimmy Butler,Josh Richardson,Terry Rozier,Delon Wright,Team Totals
4,20240429,MIA,W,102,88,3,1,W 2,BOS,2024,True,92.4,.500,10.5,24.4,.186,110.4,92.9,.459,14.1,18.6,.105,94.7,Derrick White,Jaylen Brown,Jrue Holiday,Jayson Tatum,Kristaps Porziņģis,Al Horford,Payton Pritchard,Sam Hauser,Luke Kornet,Oshae Brissett,Svi Mykhailiuk,Neemias Queta,Jaden Springer,Xavier Tillman Sr.,Jordan Walsh,Team Totals,Tyler Herro,Bam Adebayo,Caleb Martin,Jaime Jaquez Jr.,Nikola Jović,Delon Wright,Patty Mills,Haywood Highsmith,Kevin Love,Duncan Robinson,Thomas Bryant,Jimmy Butler,Josh Richardson,Orlando Robinson,Terry Rozier,Team Totals
5,20240501,MIA,W,118,84,4,1,W 3,BOS,2024,True,94.5,.649,14.4,22.9,.234,124.8,94.0,.431,6.2,4.0,.103,89.3,Jrue Holiday,Jayson Tatum,Derrick White,Jaylen Brown,Al Horford,Payton Pritchard,Sam Hauser,Luke Kornet,Svi Mykhailiuk,Jaden Springer,Xavier Tillman Sr.,Oshae Brissett,Neemias Queta,Jordan Walsh,Team Totals,,Caleb Martin,Bam Adebayo,Tyler Herro,Delon Wright,Nikola Jović,Haywood Highsmith,Patty Mills,Duncan Robinson,Thomas Bryant,Kevin Love,Jimmy Butler,Jaime Jaquez Jr.,Josh Richardson,Orlando Robinson,Terry Rozier,Team Totals
6,20240507,CLE,W,120,95,5,1,W 4,BOS,2024,True,91.9,.587,8.4,29.5,.130,130.5,90.4,.472,5.0,14.3,.111,105.1,Jrue Holiday,Jayson Tatum,Jaylen Brown,Derrick White,Al Horford,Payton Pritchard,Luke Kornet,Sam Hauser,Xavier Tillman Sr.,Neemias Queta,Oshae Brissett,Svi Mykhailiuk,Jaden Springer,Jordan Walsh,Team Totals,,Donovan Mitchell,Darius Garland,Max Strus,Evan Mobley,Isaac Okoro,Caris LeVert,Sam Merrill,Tristan Thompson,Marcus Morris,Georges Niang,Jarrett Allen,Damian Jones,Team Totals,,,
7,20240509,CLE,L,94,118,5,2,L 1,BOS,2024,True,91.4,.463,7.2,14.0,.250,102.8,92.4,.622,11.4,21.9,.128,127.7,Jayson Tatum,Jrue Holiday,Jaylen Brown,Derrick White,Al Horford,Payton Pritchard,Luke Kornet,Xavier Tillman Sr.,Sam Hauser,Oshae Brissett,Jaden Springer,Jordan Walsh,Svi Mykhailiuk,Neemias Queta,Team Totals,,Max Strus,Donovan Mitchell,Darius Garland,Evan Mobley,Isaac Okoro,Caris LeVert,Marcus Morris,Georges Niang,Tristan Thompson,Sam Merrill,Damian Jones,Jarrett Allen,Team Totals,,,
8,20240511,CLE,W,106,93,6,2,W 1,BOS,2024,True,87.4,.594,12.2,24.3,.138,121.2,86.9,.500,8.3,16.7,.107,107.0,Jayson Tatum,Jaylen Brown,Al Horford,Jrue Holiday,Derrick White,Payton Pritchard,Sam Hauser,Luke Kornet,Oshae Brissett,Svi Mykhailiuk,Jaden Springer,Jordan Walsh,Neemias Queta,Xavier Tillman Sr.,Team Totals,,Donovan Mitchell,Darius Garland,Max Strus,Evan Mobley,Isaac Okoro,Caris LeVert,Dean Wade,Sam Merrill,Marcus Morris,Tristan Thompson,Jarrett Allen,Damian Jones,Georges Niang,Team Totals,,
9,20240513,CLE,W,109,102,7,2,W 2,BOS,2024,True,92.0,.564,14.5,29.4,.269,118.5,92.0,.516,7.6,17.4,.053,110.9,Jayson Tatum,Jrue Holiday,Jaylen Brown,Derrick White,Al Horford,Payton Pritchard,Luke Kornet,Sam Hauser,Oshae Brissett,Svi Mykhailiuk,Neemias Queta,Jaden Springer,Xavier Tillman Sr.,Jordan Walsh,Team Totals,,Max Strus,Darius Garland,Evan Mobley,Caris LeVert,Isaac Okoro,Dean Wade,Sam Merrill,Tristan Thompson,Georges Niang,Jarrett Allen,Damian Jones,Donovan Mitchell,Marcus Morris,Team Totals,,
10,20240515,CLE,W,113,98,8,2,W 3,BOS,2024,True,86.1,.644,14.1,33.3,.125,131.3,85.1,.563,10.6,15.8,.114,115.2,Jayson Tatum,Jrue Holiday,Jaylen Brown,Derrick White,Al Horford,Payton Pritchard,Luke Kornet,Sam Hauser,Oshae Brissett,Svi Mykhailiuk,Neemias Queta,Jaden Springer,Xavier Tillman Sr.,Jordan Walsh,Team Totals,,Max Strus,Darius Garland,Evan Mobley,Dean Wade,Isaac Okoro,Marcus Morris,Sam Merrill,Georges Niang,Tristan Thompson,Jarrett Allen,Damian Jones,Caris LeVert,Donovan Mitchell,Team Totals,,
11,20240521,IND,W,133,128,9,2,W 4,BOS,2024,True,100.7,.551,11.8,27.7,.242,119.7,100.7,.601,17.5,25.0,.091,115.2,Jrue Holiday,Jayson Tatum,Jaylen Brown,Derrick White,Al Horford,Payton Pritchard,Luke Kornet,Sam Hauser,Oshae Brissett,Svi Mykhailiuk,Neemias Queta,Jaden Springer,Jordan Walsh,Team Totals,,,Pascal Siakam,Tyrese Haliburton,Aaron Nesmith,Myles Turner,Andrew Nembhard,T.J. McConnell,Obi Toppin,Ben Sheppard,Isaiah Jackson,Jalen Smith,Kendall Brown,James Johnson,Doug McDermott,Jarace Walker,Team Totals,
12,20240523,IND,W,126,110,10,2,W 5,BOS,2024,True,93.1,.619,11.0,34.2,.193,135.3,92.1,.589,14.9,30.8,.131,119.4,Jayson Tatum,Jaylen Brown,Jrue Holiday,Derrick White,Al Horford,Sam Hauser,Payton Pritchard,Oshae Brissett,Luke Kornet,Xavier Tillman Sr.,Svi Mykhailiuk,Neemias Queta,Jaden Springer,Jordan Walsh,Team Totals,,Pascal Siakam,Tyrese Haliburton,Andrew Nembhard,Aaron Nesmith,Myles Turner,Ben Sheppard,Obi Toppin,T.J. McConnell,Isaiah Jackson,Doug McDermott,Jalen Smith,Jarace Walker,Kendall Brown,James Johnson,Team Totals,
13,20240525,IND,W,114,111,11,2,W 6,BOS,2024,True,95.3,.566,8.7,17.1,.241,119.6,94.3,.533,10.2,23.7,.154,117.7,Jayson Tatum,Jrue Holiday,Jaylen Brown,Derrick White,Al Horford,Payton Pritchard,Sam Hauser,Xavier Tillman Sr.,Oshae Brissett,Svi Mykhailiuk,Neemias Queta,Jaden Springer,Jordan Walsh,Team Totals,,,Andrew Nembhard,Myles Turner,Pascal Siakam,Aaron Nesmith,Ben Sheppard,T.J. McConnell,Obi Toppin,Isaiah Jackson,Doug McDermott,Kendall Brown,James Johnson,Jalen Smith,Jarace Walker,Team Totals,,
14,20240527,IND,W,105,102,12,2,W 7,BOS,2024,True,93.4,.528,12.0,26.1,.124,112.4,92.4,.517,13.0,28.9,.138,110.4,Jaylen Brown,Jayson Tatum,Derrick White,Al Horford,Jrue Holiday,Sam Hauser,Payton Pritchard,Xavier Tillman Sr.,Oshae Brissett,Luke Kornet,Svi Mykhailiuk,Neemias Queta,Jaden Springer,Jordan Walsh,Team Totals,,Pascal Siakam,Andrew Nembhard,Aaron Nesmith,Myles Turner,Ben Sheppard,Obi Toppin,T.J. McConnell,Doug McDermott,Isaiah Jackson,Kendall Brown,James Johnson,Jarace Walker,Team Totals,,,
15,20240606,DAL,W,107,89,13,2,W 8,BOS,2024,True,92.2,.573,13.4,23.3,.159,116.1,91.2,.458,10.6,21.3,.143,97.6,Jayson Tatum,Jaylen Brown,Derrick White,Jrue Holiday,Al Horford,Kristaps Porziņģis,Sam Hauser,Payton Pritchard,Luke Kornet,Svi Mykhailiuk,Oshae Brissett,Neemias Queta,Jaden Springer,Xavier Tillman Sr.,Jordan Walsh,Team Totals,Luka Dončić,Kyrie Irving,P.J. Washington,Derrick Jones Jr.,Daniel Gafford,Josh Green,Maxi Kleber,Dereck Lively II,Jaden Hardy,Tim Hardaway Jr.,Dante Exum,Dwight Powell,A.J. Lawson,Markieff Morris,Olivier-Maxence Prosper,Team Totals
16,20240609,DAL,W,105,98,14,2,W 9,BOS,2024,True,93.2,.512,10.6,22.7,.226,112.7,92.7,.513,14.2,22.5,.200,105.8,Jayson Tatum,Jaylen Brown,Jrue Holiday,Derrick White,Al Horford,Kristaps Porziņģis,Payton Pritchard,Sam Hauser,Oshae Brissett,Luke Kornet,Svi Mykhailiuk,Neemias Queta,Jaden Springer,Xavier Tillman Sr.,Jordan Walsh,Team Totals,Luka Dončić,Kyrie Irving,P.J. Washington,Derrick Jones Jr.,Daniel Gafford,Dereck Lively II,Maxi Kleber,Josh Green,Dante Exum,Jaden Hardy,Tim Hardaway Jr.,A.J. Lawson,Markieff Morris,Dwight Powell,Olivier-Maxence Prosper,Team Totals
17,20240612,DAL,W,106,99,15,2,W 10,BOS,2024,True,90.3,.567,9.3,14.3,.159,117.4,90.8,.494,8.8,18.9,.163,109.1,Jayson Tatum,Derrick White,Jrue Holiday,Jaylen Brown,Al Horford,Sam Hauser,Xavier Tillman Sr.,Payton Pritchard,Oshae Brissett,Luke Kornet,Svi Mykhailiuk,Neemias Queta,Jaden Springer,Jordan Walsh,Team Totals,,Kyrie Irving,P.J. Washington,Luka Dončić,Daniel Gafford,Derrick Jones Jr.,Dereck Lively II,Josh Green,Tim Hardaway Jr.,Maxi Kleber,Jaden Hardy,Dante Exum,A.J. Lawson,Markieff Morris,Dwight Powell,Olivier-Maxence Prosper,Team Totals
18,20240614,DAL,L,84,122,15,3,L 1,BOS,2024,True,93.1,.450,14.0,9.3,.150,90.2,93.1,.588,8.2,32.5,.165,131.0,Derrick White,Jrue Holiday,Jaylen Brown,Jayson Tatum,Al Horford,Payton Pritchard,Sam Hauser,Oshae Brissett,Svi Mykhailiuk,Luke Kornet,Jaden Springer,Xavier Tillman Sr.,Neemias Queta,Jordan Walsh,Kristaps Porziņģis,Team Totals,Luka Dončić,Kyrie Irving,Derrick Jones Jr.,P.J. Washington,Daniel Gafford,Maxi Kleber,Dereck Lively II,Josh Green,Dante Exum,Jaden Hardy,Tim Hardaway Jr.,Markieff Morris,Dwight Powell,A.J. Lawson,Olivier-Maxence Prosper,Team Totals
19,20240617,DAL,W,106,88,16,3,W 1,BOS,2024,True,87.8,.500,8.4,34.9,.191,120.7,86.8,.519,13.4,16.3,.090,101.3,Jayson Tatum,Jaylen Brown,Jrue Holiday,Derrick White,Al Horford,Sam Hauser,Kristaps Porziņģis,Luke Kornet,Payton Pritchard,Oshae Brissett,Svi Mykhailiuk,Neemias Queta,Jaden Springer,Xavier Tillman Sr.,Jordan Walsh,Team Totals,Luka Dončić,Kyrie Irving,P.J. Washington,Derrick Jones Jr.,Daniel Gafford,Dereck Lively II,Josh Green,Maxi Kleber,Dante Exum,Tim Hardaway Jr.,Jaden Hardy,A.J. Lawson,Dwight Powell,Olivier-Maxence Prosper,Markieff Morris,Team Totals
1,20231025,DET,W,103,102,1,0,W 1,MIA,2024,False,93.7,.446,6.3,29.1,.228,110.0,94.2,.505,14.7,34.7,.098,108.3,Tyler Herro,Jimmy Butler,Bam Adebayo,Kyle Lowry,Kevin Love,Duncan Robinson,Caleb Martin,Thomas Bryant,Jaime Jaquez Jr.,Dru Smith,Jamal Cain,R.J. Hampton,Nikola Jović,Orlando Robinson,Team Totals,,Cade Cunningham,Isaiah Stewart,Jalen Duren,Killian Hayes,Ausar Thompson,Alec Burks,Jaden Ivey,Marvin Bagley III,Joe Harris,Marcus Sasser,Malcolm Cazalon,Jared Rhoden,Stanley Umude,James Wiseman,Team Totals,
3,20231028,MIN,L,90,106,1,2,L 2,MIA,2024,False,96.4,.471,13.9,18.4,.092,93.4,96.9,.581,15.2,17.5,.070,109.4,Tyler Herro,Bam Adebayo,Kyle Lowry,Nikola Jović,Jaime Jaquez Jr.,Duncan Robinson,Jamal Cain,Dru Smith,Thomas Bryant,Orlando Robinson,Cole Swider,R.J. Hampton,Team Totals,,,,Anthony Edwards,Karl-Anthony Towns,Rudy Gobert,Mike Conley,Nickeil Alexander-Walker,Naz Reid,Kyle Anderson,Shake Milton,Troy Brown Jr.,Jordan McLaughlin,Leonard Miller,Josh Minott,Wendell Moore Jr.,Team Totals,,
4,20231030,MIL,L,114,122,1,3,L 3,MIA,2024,False,102.0,.552,13.7,17.1,.221,111.8,102.0,.575,13.0,21.4,.253,119.7,Tyler Herro,Jimmy Butler,Kyle Lowry,Thomas Bryant,Kevin Love,Orlando Robinson,Josh Richardson,Jaime Jaquez Jr.,Duncan Robinson,Nikola Jović,Jamal Cain,R.J. Hampton,Dru Smith,Team Totals,,,Damian Lillard,Malik Beasley,Giannis Antetokounmpo,Brook Lopez,Khris Middleton,Jae Crowder,Pat Connaughton,Bobby Portis,A.J. Green,Cameron Payne,Thanasis Antetokounmpo,Andre Jackson Jr.,Chris Livingston,Robin Lopez,Team Totals,
5,20231101,BRK,L,105,109,1,4,L 4,MIA,2024,False,103.3,.500,15.4,21.6,.154,101.7,102.3,.549,16.2,16.7,.232,106.6,Tyler Herro,Jimmy Butler,Bam Adebayo,Kyle Lowry,Jaime Jaquez Jr.,Josh Richardson,Haywood Highsmith,Duncan Robinson,Thomas Bryant,Nikola Jović,Orlando Robinson,Dru Smith,Team Totals,,,,Royce O'Neale,Cam Thomas,Ben Simmons,Mikal Bridges,Dorian Finney-Smith,Lonnie Walker IV,Armoni Brooks,Trendon Watford,Day'Ron Sharpe,Jalen Wilson,Nic Claxton,Harry Giles,Team Totals,,,
6,20231103,WAS,W,121,114,2,4,W 1,MIA,2024,False,101.4,.681,19.6,21.2,.150,119.4,100.4,.648,18.4,11.8,.111,113.6,Tyler Herro,Jimmy Butler,Bam Adebayo,Kyle Lowry,Haywood Highsmith,Duncan Robinson,Josh Richardson,Jaime Jaquez Jr.,Thomas Bryant,Nikola Jović,Kevin Love,Orlando Robinson,Dru Smith,Team Totals,,,Kyle Kuzma,Jordan Poole,Tyus Jones,Deni Avdija,Daniel Gafford,Bilal Coulibaly,Delon Wright,Landry Shamet,Johnny Davis,Mike Muscala,Danilo Gallinari,Ryan Rollins,Anthony Gill,Eugene Omoruyi,Patrick Baldwin Jr.,Team Totals
7,20231106,LAL,W,108,107,3,4,W 2,MIA,2024,False,99.1,.534,15.9,25.0,.159,109.0,98.6,.593,16.3,13.2,.136,108.5,Bam Adebayo,Jimmy Butler,Tyler Herro,Kyle Lowry,Haywood Highsmith,Duncan Robinson,Josh Richardson,Jaime Jaquez Jr.,Thomas Bryant,Kevin Love,Orlando Robinson,Dru Smith,Team Totals,,,,Austin Reaves,LeBron James,Taurean Prince,D'Angelo Russell,Anthony Davis,Christian Wood,Cam Reddish,Max Christie,Colin Castleton,Alex Fudge,Jalen Hood-Schifino,Maxwell Lewis,Team Totals,,,
8,20231108,MEM,W,108,102,4,4,W 3,MIA,2024,False,97.6,.526,17.3,26.5,.351,110.7,98.1,.450,12.0,27.1,.233,104.0,Bam Adebayo,Kyle Lowry,Jimmy Butler,Haywood Highsmith,Tyler Herro,Duncan Robinson,Jaime Jaquez Jr.,Josh Richardson,Dru Smith,Thomas Bryant,Kevin Love,Orlando Robinson,Team Totals,,,,Desmond Bane,Jaren Jackson Jr.,Marcus Smart,Bismack Biyombo,Ziaire Williams,Luke Kennard,Santi Aldama,Jacob Gilyard,David Roddy,Kenneth Lofton Jr.,GG Jackson II,Jake LaRavia,Vince Williams Jr.,Team Totals,,
9,20231111,ATL,W,117,109,5,4,W 4,MIA,2024,False,99.7,.560,13.6,17.5,.274,117.3,100.2,.540,18.8,31.9,.172,108.8,Bam Adebayo,Jaime Jaquez Jr.,Haywood Highsmith,Kyle Lowry,Duncan Robinson,Dru Smith,Josh Richardson,Kevin Love,Jamal Cain,Thomas Bryant,Nikola Jović,Orlando Robinson,Cole Swider,Team Totals,,,Trae Young,Dejounte Murray,De'Andre Hunter,Clint Capela,Jalen Johnson,Bogdan Bogdanović,Saddiq Bey,Onyeka Okongwu,Wesley Matthews,Bruno Fernando,Trent Forrest,AJ Griffin,Garrison Mathews,Patty Mills,Team Totals,
10,20231112,SAS,W,118,113,6,4,W 5,MIA,2024,False,97.5,.506,6.4,22.0,.315,121.0,96.0,.566,15.0,26.8,.110,117.7,Duncan Robinson,Jimmy Butler,Bam Adebayo,Haywood Highsmith,Josh Richardson,Jaime Jaquez Jr.,Dru Smith,Kevin Love,Thomas Bryant,Nikola Jović,Orlando Robinson,Cole Swider,Team Totals,,,,Keldon Johnson,Victor Wembanyama,Jeremy Sochan,Zach Collins,Devin Vassell,Doug McDermott,Malaki Branham,Cedi Osman,Charles Bassey,Julian Champagnie,Devonte' Graham,Sandro Mamukelashvili,Blake Wesley,Team Totals,,
11,20231114,CHO,W,111,105,7,4,W 6,MIA,2024,False,92.6,.530,7.7,23.8,.277,119.9,92.1,.537,16.6,28.9,.222,114.0,Bam Adebayo,Duncan Robinson,Jimmy Butler,Haywood Highsmith,Kyle Lowry,Josh Richardson,Jaime Jaquez Jr.,Kevin Love,Dru Smith,Thomas Bryant,Nikola Jović,Orlando Robinson,Team Totals,,,,LaMelo Ball,P.J. Washington,JT Thor,Mark Williams,Théo Maledon,Bryce McGowens,Nick Richards,Ish Smith,Nick Smith Jr.,Leaky Black,Amari Bailey,Team Totals,,,,
12,20231116,BRK,W,122,115,8,4,W 7,MIA,2024,False,93.9,.611,8.9,18.9,.284,130.0,94.4,.553,13.4,28.6,.247,121.9,Duncan Robinson,Jimmy Butler,Bam Adebayo,Kyle Lowry,Haywood Highsmith,Jaime Jaquez Jr.,Josh Richardson,Kevin Love,Caleb Martin,Thomas Bryant,Nikola Jović,Orlando Robinson,Dru Smith,Team Totals,,,Mikal Bridges,Spencer Dinwiddie,Dorian Finney-Smith,Cameron Johnson,Nic Claxton,Lonnie Walker IV,Royce O'Neale,Dennis Smith Jr.,Day'Ron Sharpe,Trendon Watford,Harry Giles,Cam Thomas,Team Totals,,,
13,20231118,CHI,L,97,102,8,5,L 1,MIA,2024,False,91.7,.506,14.7,12.8,.247,105.8,92.2,.543,12.7,25.6,.173,110.6,Bam Adebayo,Duncan Robinson,Jimmy Butler,Kyle Lowry,Haywood Highsmith,Jaime Jaquez Jr.,Josh Richardson,Caleb Martin,Kevin Love,Thomas Bryant,Orlando Robinson,Dru Smith,Team Totals,,,,DeMar DeRozan,Zach LaVine,Nikola Vučević,Coby White,Alex Caruso,Torrey Craig,Patrick Williams,Andre Drummond,Jevon Carter,Ayo Dosunmu,Terry Taylor,Dalen Terry,Team Totals,,,
14,20231120,CHI,W,118,100,9,5,W 1,MIA,2024,False,90.9,.601,9.7,23.7,.202,129.9,89.9,.525,11.1,17.1,.185,111.3,Bam Adebayo,Duncan Robinson,Jimmy Butler,Kyle Lowry,Haywood Highsmith,Jaime Jaquez Jr.,Josh Richardson,Caleb Martin,Kevin Love,Orlando Robinson,Dru Smith,Thomas Bryant,Team Totals,,,,Zach LaVine,DeMar DeRozan,Coby White,Nikola Vučević,Alex Caruso,Patrick Williams,Torrey Craig,Jevon Carter,Andre Drummond,Ayo Dosunmu,Julian Phillips,Terry Taylor,Dalen Terry,Team Totals,,
15,20231122,CLE,W,129,96,10,5,W 2,MIA,2024,False,94.9,.636,11.0,27.0,.193,136.0,93.9,.558,18.6,18.4,.130,102.3,Kyle Lowry,Jimmy Butler,Haywood Highsmith,Duncan Robinson,Thomas Bryant,Jaime Jaquez Jr.,Orlando Robinson,Josh Richardson,Caleb Martin,Dru Smith,Bam Adebayo,Team Totals,,,,,Craig Porter Jr.,Darius Garland,Evan Mobley,Max Strus,Jarrett Allen,Georges Niang,Caris LeVert,Sam Merrill,Emoni Bates,Tristan Thompson,Damian Jones,Isaiah Mobley,Team Totals,,,
16,20231124,NYK,L,98,100,10,6,L 1,MIA,2024,False,97.0,.448,10.3,20.0,.230,101.0,97.5,.543,17.6,16.2,.148,102.6,Jimmy Butler,Bam Adebayo,Josh Richardson,Kyle Lowry,Haywood Highsmith,Jaime Jaquez Jr.,Kevin Love,Caleb Martin,Cole Swider,Thomas Bryant,Jamal Cain,Team Totals,,,,,Julius Randle,RJ Barrett,Jalen Brunson,Quentin Grimes,Mitchell Robinson,Isaiah Hartenstein,Josh Hart,Immanuel Quickley,Donte DiVincenzo,Ryan Arcidiacono,Evan Fournier,DaQuan Jeffries,Miles McBride,Jericho Sims,Team Totals,
17,20231125,BRK,L,97,112,10,7,L 2,MIA,2024,False,92.7,.500,16.3,27.7,.115,104.7,93.2,.590,12.9,20.5,.256,120.2,Josh Richardson,Jaime Jaquez Jr.,Kyle Lowry,Haywood Highsmith,Thomas Bryant,Caleb Martin,Jamal Cain,Cole Swider,Kevin Love,Nikola Jović,Jimmy Butler,Team Totals,,,,,Spencer Dinwiddie,Cameron Johnson,Dorian Finney-Smith,Mikal Bridges,Nic Claxton,Royce O'Neale,Lonnie Walker IV,Trendon Watford,Day'Ron Sharpe,Armoni Brooks,Dariq Whitehead,Noah Clowney,Harry Giles,Team Totals,,
18,20231128,MIL,L,124,131,10,8,L 3,MIA,2024,False,98.7,.585,5.5,17.8,.149,125.6,98.7,.608,8.3,22.9,.273,132.7,Bam Adebayo,Josh Richardson,Kyle Lowry,Duncan Robinson,Kevin Love,Jaime Jaquez Jr.,Caleb Martin,Jamal Cain,Thomas Bryant,Jimmy Butler,Haywood Highsmith,Nikola Jović,Orlando Robinson,Cole Swider,Team Totals,,Giannis Antetokounmpo,Malik Beasley,Damian Lillard,Brook Lopez,Khris Middleton,Bobby Portis,Cameron Payne,Pat Connaughton,MarJon Beauchamp,Andre Jackson Jr.,A.J. Green,Thanasis Antetokounmpo,Chris Livingston,Robin Lopez,Team Totals,
19,20231130,IND,W,142,132,11,8,W 1,MIA,2024,False,107.6,.605,11.7,29.4,.442,132.0,108.1,.566,8.2,20.8,.214,122.1,Jimmy Butler,Duncan Robinson,Kyle Lowry,Haywood Highsmith,Bam Adebayo,Jaime Jaquez Jr.,Josh Richardson,Caleb Martin,Kevin Love,Orlando Robinson,Thomas Bryant,Nikola Jović,Team Totals,,,,Tyrese Haliburton,Obi Toppin,Bruce Brown,Buddy Hield,Myles Turner,Bennedict Mathurin,Aaron Nesmith,Andrew Nembhard,Isaiah Jackson,Ben Sheppard,Jarace Walker,T.J. McConnell,Jordan Nwora,Oscar Tshiebwe,Team Totals,
20,20231202,IND,L,129,144,11,9,L 1,MIA,2024,False,100.7,.607,10.8,17.1,.236,128.1,100.2,.753,9.6,12.0,.188,143.7,Jimmy Butler,Duncan Robinson,Orlando Robinson,Kyle Lowry,Haywood Highsmith,Caleb Martin,Jaime Jaquez Jr.,Josh Richardson,Kevin Love,Jamal Cain,Thomas Bryant,Nikola Jović,Team Totals,,,,Bruce Brown,Obi Toppin,Myles Turner,Buddy Hield,Andrew Nembhard,Aaron Nesmith,Bennedict Mathurin,T.J. McConnell,Isaiah Jackson,Ben Sheppard,Jordan Nwora,Oscar Tshiebwe,Jarace Walker,Team Totals,,
21,20231206,TOR,W,112,103,12,9,W 1,MIA,2024,False,96.0,.539,6.7,17.4,.180,116.7,96.0,.512,13.0,18.2,.174,107.3,Jimmy Butler,Orlando Robinson,Duncan Robinson,Caleb Martin,Kyle Lowry,Jaime Jaquez Jr.,Josh Richardson,Kevin Love,Nikola Jović,Thomas Bryant,Jamal Cain,Haywood Highsmith,Team Totals,,,,OG Anunoby,Pascal Siakam,Dennis Schröder,Scottie Barnes,Jakob Poeltl,Gary Trent Jr.,Otto Porter Jr.,Precious Achiuwa,Chris Boucher,Malachi Flynn,Jalen McDaniels,Garrett Temple,Thaddeus Young,Team Totals,,
22,20231208,CLE,L,99,111,12,10,L 1,MIA,2024,False,99.0,.517,16.3,15.2,.116,100.0,99.0,.540,11.7,28.6,.195,112.1,Jimmy Butler,Caleb Martin,Kyle Lowry,Duncan Robinson,Orlando Robinson,Jaime Jaquez Jr.,Josh Richardson,Kevin Love,Thomas Bryant,Jamal Cain,Nikola Jović,Cole Swider,Team Totals,,,,Donovan Mitchell,Max Strus,Darius Garland,Jarrett Allen,Dean Wade,Craig Porter Jr.,Isaac Okoro,Georges Niang,Tristan Thompson,Sam Merrill,Damian Jones,Isaiah Mobley,Team Totals,,,
23,20231211,CHO,W,116,114,13,10,W 1,MIA,2024,False,93.6,.578,10.7,24.2,.351,124.0,93.6,.577,10.5,14.6,.202,121.8,Caleb Martin,Jimmy Butler,Kyle Lowry,Duncan Robinson,Orlando Robinson,Josh Richardson,Jaime Jaquez Jr.,Kevin Love,Thomas Bryant,Jamal Cain,R.J. Hampton,Cole Swider,Team Totals,,,,Terry Rozier,Miles Bridges,Gordon Hayward,Brandon Miller,Nick Richards,P.J. Washington,Bryce McGowens,Ish Smith,JT Thor,Leaky Black,James Bouknight,Théo Maledon,Team Totals,,,
24,20231213,CHO,W,115,104,14,10,W 2,MIA,2024,False,97.9,.564,19.6,38.6,.209,117.4,97.4,.610,20.4,11.8,.130,106.7,Duncan Robinson,Caleb Martin,Jimmy Butler,Kyle Lowry,Orlando Robinson,Jaime Jaquez Jr.,Jamal Cain,Kevin Love,Thomas Bryant,Bam Adebayo,R.J. Hampton,Cole Swider,Team Totals,,,,Nick Richards,Brandon Miller,Terry Rozier,Gordon Hayward,Miles Bridges,Bryce McGowens,Ish Smith,JT Thor,P.J. Washington,James Bouknight,Théo Maledon,Frank Ntilikina,Team Totals,,,
25,20231214,CHI,L,116,124,14,11,L 1,MIA,2024,False,96.6,.556,10.3,20.0,.338,120.1,96.1,.559,4.5,24.4,.215,129.0,Caleb Martin,Kyle Lowry,Jimmy Butler,Duncan Robinson,Orlando Robinson,Jaime Jaquez Jr.,Kevin Love,Thomas Bryant,R.J. Hampton,Jamal Cain,Bam Adebayo,Cole Swider,Team Totals,,,,DeMar DeRozan,Coby White,Nikola Vučević,Patrick Williams,Alex Caruso,Ayo Dosunmu,Torrey Craig,Jevon Carter,Andre Drummond,Dalen Terry,Julian Phillips,Terry Taylor,Team Totals,,,
26,20231216,CHI,W,118,116,15,11,W 1,MIA,2024,False,91.2,.596,9.6,21.6,.229,129.3,91.7,.584,14.3,32.4,.338,126.4,Caleb Martin,Jimmy Butler,Kyle Lowry,Duncan Robinson,Orlando Robinson,Jaime Jaquez Jr.,Kevin Love,Josh Richardson,Haywood Highsmith,Thomas Bryant,Jamal Cain,Nikola Jović,Team Totals,,,,DeMar DeRozan,Ayo Dosunmu,Coby White,Patrick Williams,Nikola Vučević,Dalen Terry,Torrey Craig,Jevon Carter,Andre Drummond,Julian Phillips,Alex Caruso,Terry Taylor,Team Totals,,,
27,20231218,MIN,L,108,112,15,12,L 1,MIA,2024,False,95.7,.534,13.6,21.4,.172,112.8,96.2,.559,13.0,27.9,.200,116.4,Bam Adebayo,Jimmy Butler,Tyler Herro,Kevin Love,Caleb Martin,Jaime Jaquez Jr.,Josh Richardson,Duncan Robinson,Haywood Highsmith,Thomas Bryant,R.J. Hampton,Nikola Jović,Orlando Robinson,Team Totals,,,Anthony Edwards,Rudy Gobert,Mike Conley,Karl-Anthony Towns,Jaden McDaniels,Kyle Anderson,Nickeil Alexander-Walker,Naz Reid,Troy Brown Jr.,Jordan McLaughlin,Shake Milton,Josh Minott,Wendell Moore Jr.,Team Totals,,
28,20231220,ORL,W,115,106,16,12,W 1,MIA,2024,False,91.6,.572,10.5,22.7,.241,125.5,92.1,.511,11.0,34.1,.169,115.1,Tyler Herro,Jaime Jaquez Jr.,Bam Adebayo,Caleb Martin,Kyle Lowry,Josh Richardson,Haywood Highsmith,Duncan Robinson,Thomas Bryant,Orlando Robinson,Jamal Cain,Nikola Jović,Team Totals,,,,Paolo Banchero,Franz Wagner,Wendell Carter Jr.,Anthony Black,Jalen Suggs,Cole Anthony,Gary Harris,Moritz Wagner,Caleb Houstan,Goga Bitadze,Jonathan Isaac,Chuma Okeke,Jett Howard,Team Totals,,
29,20231222,ATL,W,122,113,17,12,W 2,MIA,2024,False,100.7,.564,14.6,27.9,.291,121.1,101.2,.536,12.1,25.0,.104,111.6,Bam Adebayo,Jaime Jaquez Jr.,Caleb Martin,Tyler Herro,Kyle Lowry,Josh Richardson,Duncan Robinson,Kevin Love,Haywood Highsmith,Thomas Bryant,Jamal Cain,Orlando Robinson,Team Totals,,,,Trae Young,Saddiq Bey,Dejounte Murray,Clint Capela,Garrison Mathews,Bogdan Bogdanović,Onyeka Okongwu,Patty Mills,Wesley Matthews,Bruno Fernando,Trent Forrest,Team Totals,,,,
30,20231225,PHI,W,119,113,18,12,W 3,MIA,2024,False,101.5,.548,12.3,29.5,.321,117.2,102.0,.516,7.1,10.4,.170,110.7,Jaime Jaquez Jr.,Tyler Herro,Bam Adebayo,Kyle Lowry,Caleb Martin,Duncan Robinson,R.J. Hampton,Jamal Cain,Kevin Love,Thomas Bryant,Nikola Jović,Orlando Robinson,Cole Swider,Team Totals,,,Tyrese Maxey,Tobias Harris,Kelly Oubre Jr.,De'Anthony Melton,Paul Reed,Mo Bamba,Patrick Beverley,Marcus Morris,Danuel House Jr.,KJ Martin,Jaden Springer,Robert Covington,Furkan Korkmaz,Kenneth Lofton Jr.,Team Totals,
31,20231228,GSW,W,114,102,19,12,W 4,MIA,2024,False,97.1,.538,9.0,24.4,.176,117.3,95.6,.466,11.6,26.1,.227,106.6,Jaime Jaquez Jr.,Bam Adebayo,Tyler Herro,R.J. Hampton,Haywood Highsmith,Duncan Robinson,Jamal Cain,Nikola Jović,Kevin Love,Cole Swider,Thomas Bryant,Josh Richardson,Team Totals,,,,Stephen Curry,Brandin Podziemski,Klay Thompson,Jonathan Kuminga,Kevon Looney,Chris Paul,Andrew Wiggins,Trayce Jackson-Davis,Dario Šarić,Moses Moody,Cory Joseph,Lester Quinones,Jerome Robinson,Draymond Green,Team Totals,
32,20231230,UTA,L,109,117,19,13,L 1,MIA,2024,False,102.5,.494,14.3,19.0,.410,106.3,102.5,.522,8.7,19.1,.215,114.2,Tyler Herro,Bam Adebayo,Jimmy Butler,Nikola Jović,R.J. Hampton,Jaime Jaquez Jr.,Duncan Robinson,Haywood Highsmith,Kevin Love,Jamal Cain,Thomas Bryant,Josh Richardson,Team Totals,,,,Simone Fontecchio,Lauri Markkanen,Collin Sexton,John Collins,Kris Dunn,Keyonte George,Kelly Olynyk,Jordan Clarkson,Walker Kessler,Ochai Agbaji,Talen Horton-Tucker,Luka Šamanić,Omer Yurtseven,Team Totals,,
33,20240101,LAC,L,104,121,19,14,L 2,MIA,2024,False,93.8,.488,12.8,27.9,.277,110.9,94.3,.675,16.5,20.7,.163,128.3,Jaime Jaquez Jr.,Bam Adebayo,Tyler Herro,Jamal Cain,Kyle Lowry,Duncan Robinson,Kevin Love,R.J. Hampton,Thomas Bryant,Nikola Jović,Cole Swider,Orlando Robinson,Team Totals,,,,Paul George,Kawhi Leonard,James Harden,Ivica Zubac,Terance Mann,Norman Powell,Amir Coffey,Russell Westbrook,Daniel Theis,Brandon Boston Jr.,Kobe Brown,Moussa Diabaté,Bones Hyland,Mason Plumlee,P.J. Tucker,Team Totals
34,20240103,LAL,W,110,96,20,14,W 1,MIA,2024,False,102.0,.527,9.1,14.6,.129,107.8,101.5,.446,19.0,22.0,.265,94.6,Jaime Jaquez Jr.,Bam Adebayo,Nikola Jović,Tyler Herro,Kyle Lowry,Duncan Robinson,Kevin Love,Josh Richardson,Jamal Cain,R.J. Hampton,Orlando Robinson,Cole Swider,Thomas Bryant,Team Totals,,,Anthony Davis,LeBron James,Austin Reaves,Taurean Prince,Cam Reddish,Max Christie,Christian Wood,Jarred Vanderbilt,Jalen Hood-Schifino,Jaxson Hayes,Rui Hachimura,D'Angelo Russell,Team Totals,,,
35,20240105,PHO,L,97,113,20,15,L 1,MIA,2024,False,94.1,.470,14.7,23.9,.229,103.1,94.6,.586,10.4,21.4,.126,119.4,Bam Adebayo,Jaime Jaquez Jr.,Tyler Herro,Nikola Jović,Kyle Lowry,Josh Richardson,Duncan Robinson,Kevin Love,Jamal Cain,Thomas Bryant,R.J. Hampton,Cole Swider,Team Totals,,,,Grayson Allen,Bradley Beal,Devin Booker,Jusuf Nurkić,Chimezie Metu,Josh Okogie,Drew Eubanks,Keita Bates-Diop,Bol Bol,Yuta Watanabe,Jordan Goodwin,Saben Lee,Team Totals,,,
36,20240108,HOU,W,120,113,21,15,W 1,MIA,2024,False,96.0,.591,10.3,25.0,.280,124.9,96.0,.500,10.7,25.5,.284,117.6,Jaime Jaquez Jr.,Tyler Herro,Bam Adebayo,Nikola Jović,Kyle Lowry,Duncan Robinson,Josh Richardson,Kevin Love,Haywood Highsmith,Thomas Bryant,Jamal Cain,Orlando Robinson,Team Totals,,,,Fred VanVleet,Jae'Sean Tate,Alperen Sengun,Jabari Smith Jr.,Jalen Green,Aaron Holiday,Jeff Green,Cam Whitmore,Amen Thompson,Reggie Bullock,Jock Landale,Boban Marjanović,Victor Oladipo,Team Totals,,
37,20240110,OKC,L,120,128,21,16,L 1,MIA,2024,False,100.6,.545,9.0,17.4,.258,119.2,101.1,.674,12.3,11.8,.140,126.6,Bam Adebayo,Tyler Herro,Haywood Highsmith,Jaime Jaquez Jr.,Nikola Jović,Duncan Robinson,Josh Richardson,Kevin Love,Thomas Bryant,Jamal Cain,R.J. Hampton,Orlando Robinson,Team Totals,,,,Jalen Williams,Shai Gilgeous-Alexander,Chet Holmgren,Luguentz Dort,Josh Giddey,Isaiah Joe,Cason Wallace,Kenrich Williams,Vasilije Micić,Jaylin Williams,Aaron Wiggins,Tre Mann,Aleksej Pokusevski,Lindy Waters III,Team Totals,
38,20240112,ORL,W,99,96,22,16,W 1,MIA,2024,False,90.8,.494,15.6,30.0,.205,109.0,91.3,.512,12.5,25.6,.146,105.1,Duncan Robinson,Bam Adebayo,Jaime Jaquez Jr.,Haywood Highsmith,Nikola Jović,Josh Richardson,Caleb Martin,Kevin Love,Thomas Bryant,Jamal Cain,R.J. Hampton,Orlando Robinson,Team Totals,,,,Paolo Banchero,Caleb Houstan,Chuma Okeke,Goga Bitadze,Jalen Suggs,Moritz Wagner,Cole Anthony,Joe Ingles,Markelle Fultz,Anthony Black,Trevelin Queen,Wendell Carter Jr.,Team Totals,,,
39,20240114,CHO,W,104,87,23,16,W 2,MIA,2024,False,95.4,.562,13.7,10.8,.160,109.0,96.4,.400,12.9,29.8,.116,90.2,Bam Adebayo,Tyler Herro,Nikola Jović,Kyle Lowry,Jaime Jaquez Jr.,Haywood Highsmith,Duncan Robinson,Caleb Martin,Josh Richardson,Orlando Robinson,Thomas Bryant,Kevin Love,Team Totals,,,,Miles Bridges,Terry Rozier,LaMelo Ball,Nick Richards,Cody Martin,P.J. Washington,Nick Smith Jr.,Ish Smith,Nathan Mensah,JT Thor,Bryce McGowens,James Bouknight,Leaky Black,Brandon Miller,Team Totals,
40,20240115,BRK,W,96,95,24,16,W 3,MIA,2024,False,92.8,.425,11.7,12.8,.253,93.6,92.4,.404,7.0,15.8,.152,93.1,Bam Adebayo,Jimmy Butler,Tyler Herro,Kyle Lowry,Nikola Jović,Caleb Martin,Josh Richardson,Duncan Robinson,Haywood Highsmith,Thomas Bryant,Orlando Robinson,Cole Swider,Team Totals,,,,Mikal Bridges,Nic Claxton,Dorian Finney-Smith,Cameron Johnson,Spencer Dinwiddie,Dennis Smith Jr.,Cam Thomas,Royce O'Neale,Lonnie Walker IV,Trendon Watford,Harry Giles,Day'Ron Sharpe,Team Totals,,,
41,20240117,TOR,L,97,121,24,17,L 1,MIA,2024,False,92.0,.489,12.8,27.3,.100,105.5,93.0,.625,11.1,34.2,.125,130.1,Bam Adebayo,Tyler Herro,Jimmy Butler,Kyle Lowry,Nikola Jović,Caleb Martin,Josh Richardson,Duncan Robinson,Haywood Highsmith,Thomas Bryant,Cole Swider,Orlando Robinson,Team Totals,,,,RJ Barrett,Scottie Barnes,Gary Trent Jr.,Immanuel Quickley,Jontay Porter,Thaddeus Young,Dennis Schröder,Chris Boucher,Gradey Dick,Javon Freeman-Liberty,Garrett Temple,Jalen McDaniels,Team Totals,,,
42,20240119,ATL,L,108,109,24,18,L 2,MIA,2024,False,94.9,.537,16.4,31.0,.244,113.9,94.9,.546,13.7,22.5,.161,114.9,Bam Adebayo,Jimmy Butler,Tyler Herro,Caleb Martin,Nikola Jović,Kyle Lowry,Duncan Robinson,Josh Richardson,Kevin Love,Haywood Highsmith,Thomas Bryant,Orlando Robinson,Cole Swider,Team Totals,,,Dejounte Murray,Saddiq Bey,Bogdan Bogdanović,Jalen Johnson,Clint Capela,Onyeka Okongwu,Garrison Mathews,Patty Mills,Trent Forrest,Bruno Fernando,AJ Griffin,Seth Lundy,Team Totals,,,
43,20240121,ORL,L,87,105,24,19,L 3,MIA,2024,False,89.6,.450,17.0,27.3,.188,97.1,87.6,.532,13.4,33.3,.282,119.9,Bam Adebayo,Tyler Herro,Caleb Martin,Jimmy Butler,Nikola Jović,Kyle Lowry,Haywood Highsmith,Duncan Robinson,Kevin Love,Josh Richardson,Orlando Robinson,Thomas Bryant,Team Totals,,,,Wendell Carter Jr.,Paolo Banchero,Markelle Fultz,Jalen Suggs,Franz Wagner,Joe Ingles,Cole Anthony,Anthony Black,Jonathan Isaac,Moritz Wagner,Caleb Houstan,Jett Howard,Chuma Okeke,Trevelin Queen,Goga Bitadze,Team Totals
44,20240124,MEM,L,96,105,24,20,L 4,MIA,2024,False,97.2,.470,15.5,22.9,.232,98.8,97.2,.556,16.9,17.5,.200,108.1,Bam Adebayo,Tyler Herro,Jimmy Butler,Haywood Highsmith,Josh Richardson,Terry Rozier,Caleb Martin,Duncan Robinson,Thomas Bryant,Kevin Love,R.J. Hampton,Nikola Jović,Orlando Robinson,Team Totals,,,Jaren Jackson Jr.,Vince Williams Jr.,David Roddy,John Konchar,Jacob Gilyard,GG Jackson II,Scotty Pippen Jr.,Xavier Tillman Sr.,Ziaire Williams,Santi Aldama,Jake LaRavia,Derrick Rose,Team Totals,,,
46,20240127,NYK,L,109,125,24,22,L 6,MIA,2024,False,92.7,.545,7.8,18.6,.148,117.6,92.7,.615,6.6,26.8,.207,134.9,Jimmy Butler,Tyler Herro,Bam Adebayo,Terry Rozier,Haywood Highsmith,Duncan Robinson,Jaime Jaquez Jr.,Caleb Martin,Kevin Love,Nikola Jović,Orlando Robinson,Thomas Bryant,Josh Richardson,Team Totals,,,Jalen Brunson,OG Anunoby,Julius Randle,Donte DiVincenzo,Isaiah Hartenstein,Josh Hart,Precious Achiuwa,Quentin Grimes,Miles McBride,Jericho Sims,Ryan Arcidiacono,Malachi Flynn,Evan Fournier,Team Totals,,
47,20240129,PHO,L,105,118,24,23,L 7,MIA,2024,False,97.0,.476,12.0,17.8,.298,108.3,96.5,.564,7.3,21.7,.128,122.3,Jimmy Butler,Bam Adebayo,Tyler Herro,Terry Rozier,Haywood Highsmith,Jaime Jaquez Jr.,Caleb Martin,Josh Richardson,Kevin Love,Duncan Robinson,Thomas Bryant,Nikola Jović,Team Totals,,,,Kevin Durant,Devin Booker,Bradley Beal,Jusuf Nurkić,Grayson Allen,Eric Gordon,Drew Eubanks,Josh Okogie,Keita Bates-Diop,Udoka Azubuike,Jordan Goodwin,Nassir Little,Chimezie Metu,Yuta Watanabe,Team Totals,
48,20240131,SAC,W,115,106,25,23,W 1,MIA,2024,False,96.0,.577,9.6,17.9,.214,119.8,95.0,.505,8.2,22.2,.129,111.6,Jimmy Butler,Bam Adebayo,Tyler Herro,Terry Rozier,Haywood Highsmith,Caleb Martin,Josh Richardson,Jaime Jaquez Jr.,Kevin Love,Thomas Bryant,Nikola Jović,Cole Swider,Team Totals,,,,Kevin Huerter,Keegan Murray,Domantas Sabonis,De'Aaron Fox,Harrison Barnes,Trey Lyles,Malik Monk,Davion Mitchell,JaVale McGee,Kessler Edwards,Chris Duarte,Keon Ellis,Colby Jones,Alex Len,Team Totals,
49,20240202,WAS,W,110,102,26,23,W 2,MIA,2024,False,99.5,.472,10.4,27.5,.307,110.5,100.0,.472,8.3,11.8,.189,102.0,Jimmy Butler,Bam Adebayo,Tyler Herro,Terry Rozier,Haywood Highsmith,Caleb Martin,Jaime Jaquez Jr.,Josh Richardson,Kevin Love,Thomas Bryant,Nikola Jović,Orlando Robinson,Cole Swider,Team Totals,,,Kyle Kuzma,Deni Avdija,Jordan Poole,Daniel Gafford,Tyus Jones,Corey Kispert,Bilal Coulibaly,Landry Shamet,Delon Wright,Johnny Davis,Anthony Gill,Patrick Baldwin Jr.,Jules Bernard,Eugene Omoruyi,Team Totals,
50,20240204,LAC,L,95,103,26,24,L 1,MIA,2024,False,91.7,.462,9.4,23.5,.121,103.6,92.7,.545,16.4,21.4,.247,111.1,Terry Rozier,Jimmy Butler,Bam Adebayo,Josh Richardson,Haywood Highsmith,Caleb Martin,Jaime Jaquez Jr.,Kevin Love,Thomas Bryant,Tyler Herro,Nikola Jović,Orlando Robinson,Cole Swider,Team Totals,,,James Harden,Kawhi Leonard,Paul George,Terance Mann,Ivica Zubac,Norman Powell,Mason Plumlee,Amir Coffey,Russell Westbrook,Brandon Boston Jr.,Kobe Brown,Bones Hyland,Daniel Theis,P.J. Tucker,Team Totals,
51,20240206,ORL,W,121,95,27,24,W 1,MIA,2024,False,96.6,.615,12.0,26.2,.161,125.2,96.6,.500,16.8,19.0,.188,98.3,Jimmy Butler,Terry Rozier,Bam Adebayo,Tyler Herro,Caleb Martin,Josh Richardson,Jaime Jaquez Jr.,Duncan Robinson,Kevin Love,Orlando Robinson,Haywood Highsmith,Thomas Bryant,Nikola Jović,Team Totals,,,Franz Wagner,Paolo Banchero,Wendell Carter Jr.,Jalen Suggs,Markelle Fultz,Gary Harris,Moritz Wagner,Joe Ingles,Cole Anthony,Jonathan Isaac,Chuma Okeke,Goga Bitadze,Anthony Black,Caleb Houstan,Team Totals,
52,20240207,SAS,W,116,104,28,24,W 2,MIA,2024,False,103.0,.563,10.2,11.1,.207,112.7,103.0,.522,13.3,13.0,.111,101.0,Jimmy Butler,Tyler Herro,Bam Adebayo,Terry Rozier,Caleb Martin,Jaime Jaquez Jr.,Josh Richardson,Duncan Robinson,Kevin Love,Orlando Robinson,Nikola Jović,Thomas Bryant,Team Totals,,,,Devin Vassell,Tre Jones,Jeremy Sochan,Victor Wembanyama,Julian Champagnie,Keldon Johnson,Cedi Osman,Zach Collins,Blake Wesley,Doug McDermott,Malaki Branham,Sandro Mamukelashvili,Devonte' Graham,Team Totals,,
54,20240213,MIL,W,123,97,29,25,W 1,MIA,2024,False,100.1,.626,12.9,17.5,.161,122.8,100.1,.524,17.0,11.1,.120,96.9,Bam Adebayo,Nikola Jović,Tyler Herro,Duncan Robinson,Caleb Martin,Jaime Jaquez Jr.,Kevin Love,Haywood Highsmith,Jamal Cain,Alondes Williams,Cole Swider,Orlando Robinson,Thomas Bryant,Team Totals,,,Giannis Antetokounmpo,Damian Lillard,Malik Beasley,Brook Lopez,Jae Crowder,Bobby Portis,Pat Connaughton,A.J. Green,Patrick Beverley,MarJon Beauchamp,Thanasis Antetokounmpo,Andre Jackson Jr.,TyTy Washington Jr.,Chris Livingston,Team Totals,
55,20240214,PHI,W,109,104,30,25,W 2,MIA,2024,False,97.3,.540,12.1,23.3,.159,112.1,97.3,.535,13.1,15.4,.140,106.9,Bam Adebayo,Tyler Herro,Duncan Robinson,Caleb Martin,Nikola Jović,Haywood Highsmith,Jaime Jaquez Jr.,Kevin Love,Jamal Cain,Thomas Bryant,Orlando Robinson,Cole Swider,Alondes Williams,Team Totals,,,Buddy Hield,Tyrese Maxey,Paul Reed,Kelly Oubre Jr.,KJ Martin,Ricky Council IV,Cameron Payne,Mo Bamba,Terquavion Smith,Nicolas Batum,Kenneth Lofton Jr.,Team Totals,,,,
56,20240223,NOP,W,106,95,31,25,W 3,MIA,2024,False,96.9,.543,13.9,21.7,.207,109.4,96.4,.409,9.1,33.3,.096,98.6,Bam Adebayo,Caleb Martin,Tyler Herro,Jimmy Butler,Nikola Jović,Duncan Robinson,Jaime Jaquez Jr.,Haywood Highsmith,Kevin Love,Thomas Bryant,Cole Swider,Alondes Williams,Delon Wright,Team Totals,,,Herbert Jones,Zion Williamson,Trey Murphy III,Jonas Valančiūnas,CJ McCollum,Jeremiah Robinson-Earl,Jordan Hawkins,Jose Alvarado,Larry Nance Jr.,Naji Marshall,Matt Ryan,Cody Zeller,Team Totals,,,
57,20240226,SAC,W,121,110,32,25,W 4,MIA,2024,False,94.9,.580,10.1,25.0,.230,127.5,94.9,.606,14.2,27.5,.082,115.9,Caleb Martin,Duncan Robinson,Jaime Jaquez Jr.,Bam Adebayo,Delon Wright,Haywood Highsmith,Kevin Love,Cole Swider,Alondes Williams,Thomas Bryant,Jimmy Butler,Jamal Cain,Nikola Jović,Team Totals,,,Domantas Sabonis,De'Aaron Fox,Kevin Huerter,Keegan Murray,Harrison Barnes,Trey Lyles,Malik Monk,Chris Duarte,Davion Mitchell,Kessler Edwards,Keon Ellis,Colby Jones,Mason Jones,Alex Len,JaVale McGee,Team Totals
58,20240227,POR,W,106,96,33,25,W 5,MIA,2024,False,92.6,.629,19.7,19.4,.257,114.5,92.1,.465,16.0,34.9,.186,104.3,Duncan Robinson,Bam Adebayo,Jimmy Butler,Terry Rozier,Nikola Jović,Jaime Jaquez Jr.,Caleb Martin,Delon Wright,Kevin Love,Haywood Highsmith,Thomas Bryant,Tyler Herro,Alondes Williams,Team Totals,,,Anfernee Simons,Jerami Grant,Toumani Camara,Kris Murray,Deandre Ayton,Matisse Thybulle,Jabari Walker,Duop Reath,Ashton Hagans,Dalano Banton,Scoot Henderson,Rayan Rupert,Team Totals,,,
59,20240229,DEN,L,97,103,33,26,L 1,MIA,2024,False,96.7,.464,13.8,22.0,.241,100.3,96.2,.500,13.9,20.0,.226,107.0,Jimmy Butler,Duncan Robinson,Bam Adebayo,Terry Rozier,Nikola Jović,Caleb Martin,Jaime Jaquez Jr.,Orlando Robinson,Delon Wright,Thomas Bryant,Tyler Herro,Haywood Highsmith,Alondes Williams,Team Totals,,,Michael Porter Jr.,Nikola Jokić,Aaron Gordon,Kentavious Caldwell-Pope,Jamal Murray,Reggie Jackson,Christian Braun,Peyton Watson,Justin Holiday,Zeke Nnaji,Jay Huff,DeAndre Jordan,Jalen Pickett,Julian Strawther,Hunter Tyson,Team Totals
60,20240302,UTA,W,126,120,34,26,W 1,MIA,2024,False,93.4,.597,5.7,21.1,.239,135.0,93.9,.563,10.1,31.6,.253,127.8,Jimmy Butler,Bam Adebayo,Duncan Robinson,Terry Rozier,Nikola Jović,Jaime Jaquez Jr.,Caleb Martin,Haywood Highsmith,Orlando Robinson,Thomas Bryant,Jamal Cain,Tyler Herro,Cole Swider,Delon Wright,Team Totals,,Keyonte George,Lauri Markkanen,John Collins,Collin Sexton,Taylor Hendricks,Talen Horton-Tucker,Omer Yurtseven,Brice Sensabaugh,Kris Dunn,Luka Šamanić,Kira Lewis Jr.,Team Totals,,,,
61,20240305,DET,W,118,110,35,26,W 2,MIA,2024,False,94.8,.576,8.6,20.0,.235,124.4,95.3,.506,10.0,22.7,.225,115.4,Jimmy Butler,Duncan Robinson,Bam Adebayo,Terry Rozier,Nikola Jović,Caleb Martin,Jaime Jaquez Jr.,Haywood Highsmith,Orlando Robinson,Thomas Bryant,Kevin Love,Cole Swider,Delon Wright,Team Totals,,,Isaiah Stewart,Ausar Thompson,Cade Cunningham,Jalen Duren,Jaden Ivey,Simone Fontecchio,James Wiseman,Evan Fournier,Marcus Sasser,Troy Brown Jr.,Malachi Flynn,Quentin Grimes,Team Totals,,,
62,20240307,DAL,L,108,114,35,27,L 1,MIA,2024,False,96.2,.591,11.8,5.4,.134,112.3,95.7,.552,9.3,22.2,.207,119.1,Terry Rozier,Jimmy Butler,Bam Adebayo,Duncan Robinson,Nikola Jović,Caleb Martin,Jaime Jaquez Jr.,Thomas Bryant,Haywood Highsmith,Jamal Cain,Patty Mills,Orlando Robinson,Cole Swider,Delon Wright,Team Totals,,Luka Dončić,Kyrie Irving,P.J. Washington,Daniel Gafford,Derrick Jones Jr.,Dereck Lively II,Maxi Kleber,Tim Hardaway Jr.,Josh Green,Dante Exum,Jaden Hardy,A.J. Lawson,Markieff Morris,Dwight Powell,Team Totals,
63,20240308,OKC,L,100,107,35,28,L 2,MIA,2024,False,92.8,.530,10.9,16.3,.159,107.7,92.3,.539,8.7,20.0,.124,115.9,Jimmy Butler,Terry Rozier,Bam Adebayo,Nikola Jović,Duncan Robinson,Jaime Jaquez Jr.,Caleb Martin,Patty Mills,Haywood Highsmith,Thomas Bryant,Jamal Cain,Orlando Robinson,Cole Swider,Delon Wright,Team Totals,,Shai Gilgeous-Alexander,Luguentz Dort,Jalen Williams,Chet Holmgren,Josh Giddey,Isaiah Joe,Aaron Wiggins,Gordon Hayward,Jaylin Williams,Cason Wallace,Bismack Biyombo,Ousmane Dieng,Mike Muscala,Lindy Waters III,Kenrich Williams,Team Totals
64,20240310,WAS,L,108,110,35,29,L 3,MIA,2024,False,97.8,.505,11.2,32.0,.126,110.4,97.8,.580,14.2,14.6,.198,112.5,Jimmy Butler,Bam Adebayo,Terry Rozier,Duncan Robinson,Nikola Jović,Caleb Martin,Jaime Jaquez Jr.,Patty Mills,Haywood Highsmith,Orlando Robinson,Thomas Bryant,Cole Swider,Delon Wright,Team Totals,,,Corey Kispert,Kyle Kuzma,Tyus Jones,Bilal Coulibaly,Deni Avdija,Jordan Poole,Patrick Baldwin Jr.,Johnny Davis,Landry Shamet,Eugene Omoruyi,Anthony Gill,Jules Bernard,R.J. Hampton,Richaun Holmes,Team Totals,
65,20240313,DEN,L,88,100,35,30,L 4,MIA,2024,False,87.7,.456,9.3,19.0,.188,100.4,87.7,.555,10.2,17.1,.110,114.1,Jimmy Butler,Terry Rozier,Bam Adebayo,Duncan Robinson,Nikola Jović,Jaime Jaquez Jr.,Caleb Martin,Patty Mills,Thomas Bryant,Haywood Highsmith,Orlando Robinson,Cole Swider,Delon Wright,Team Totals,,,Nikola Jokić,Michael Porter Jr.,Aaron Gordon,Jamal Murray,Kentavious Caldwell-Pope,Peyton Watson,Christian Braun,Reggie Jackson,Justin Holiday,Zeke Nnaji,Jay Huff,DeAndre Jordan,Julian Strawther,Team Totals,,
66,20240315,DET,W,108,95,36,30,W 1,MIA,2024,False,97.1,.511,7.4,18.8,.165,111.2,97.6,.488,16.6,20.5,.155,97.3,Terry Rozier,Duncan Robinson,Jimmy Butler,Bam Adebayo,Nikola Jović,Caleb Martin,Jaime Jaquez Jr.,Thomas Bryant,Patty Mills,Haywood Highsmith,Jamal Cain,Orlando Robinson,Cole Swider,Delon Wright,Team Totals,,Jaden Ivey,Isaiah Stewart,Simone Fontecchio,Jalen Duren,Cade Cunningham,Marcus Sasser,Evan Fournier,James Wiseman,Stanley Umude,Tosan Evbuomwan,Malachi Flynn,Troy Brown Jr.,Taj Gibson,Team Totals,,
67,20240317,DET,W,104,101,37,30,W 2,MIA,2024,False,93.1,.517,9.4,22.9,.135,111.7,92.6,.542,11.9,16.3,.133,109.1,Bam Adebayo,Terry Rozier,Duncan Robinson,Jaime Jaquez Jr.,Haywood Highsmith,Caleb Martin,Delon Wright,Thomas Bryant,Patty Mills,Jimmy Butler,Jamal Cain,Nikola Jović,Orlando Robinson,Team Totals,,,Isaiah Stewart,Simone Fontecchio,Cade Cunningham,Jalen Duren,Jaden Ivey,Evan Fournier,Stanley Umude,Marcus Sasser,James Wiseman,Troy Brown Jr.,Tosan Evbuomwan,Malachi Flynn,Taj Gibson,Team Totals,,
68,20240318,PHI,L,91,98,37,31,L 1,MIA,2024,False,,,,,,,,,,,,,,,,,,,,,,,,,,,,,,,,,,,,,,,,,,,,
69,20240320,CLE,W,107,104,38,31,W 1,MIA,2024,False,,,,,,,,,,,,,,,,,,,,,,,,,,,,,,,,,,,,,,,,,,,,
70,20240322,NOP,L,88,111,38,32,L 1,MIA,2024,False,,,,,,,,,,,,,,,,,,,,,,,,,,,,,,,,,,,,,,,,,,,,
71,20240324,CLE,W,121,84,39,32,W 1,MIA,2024,False,,,,,,,,,,,,,,,,,,,,,,,,,,,,,,,,,,,,,,,,,,,,
72,20240326,GSW,L,92,113,39,33,L 1,MIA,2024,False,,,,,,,,,,,,,,,,,,,,,,,,,,,,,,,,,,,,,,,,,,,,
73,20240329,POR,W,142,82,40,33,W 1,MIA,2024,False,,,,,,,,,,,,,,,,,,,,,,,,,,,,,,,,,,,,,,,,,,,,
74,20240331,WAS,W,119,107,41,33,W 2,MIA,2024,False,,,,,,,,,,,,,,,,,,,,,,,,,,,,,,,,,,,,,,,,,,,,
75,20240402,NYK,W,109,99,42,33,W 3,MIA,2024,False,,,,,,,,,,,,,,,,,,,,,,,,,,,,,,,,,,,,,,,,,,,,
76,20240404,PHI,L,105,109,42,34,L 1,MIA,2024,False,,,,,,,,,,,,,,,,,,,,,,,,,,,,,,,,,,,,,,,,,,,,
77,20240405,HOU,W,119,104,43,34,W 1,MIA,2024,False,,,,,,,,,,,,,,,,,,,,,,,,,,,,,,,,,,,,,,,,,,,,
78,20240407,IND,L,115,117,43,35,L 1,MIA,2024,False,,,,,,,,,,,,,,,,,,,,,,,,,,,,,,,,,,,,,,,,,,,,
79,20240409,ATL,W,117,111,44,35,W 1,MIA,2024,False,,,,,,,,,,,,,,,,,,,,,,,,,,,,,,,,,,,,,,,,,,,,
80,20240410,DAL,L,92,111,44,36,L 1,MIA,2024,False,,,,,,,,,,,,,,,,,,,,,,,,,,,,,,,,,,,,,,,,,,,,
81,20240412,TOR,W,125,103,45,36,W 1,MIA,2024,False,,,,,,,,,,,,,,,,,,,,,,,,,,,,,,,,,,,,,,,,,,,,
82,20240414,TOR,W,118,103,46,36,W 2,MIA,2024,False,,,,,,,,,,,,,,,,,,,,,,,,,,,,,,,,,,,,,,,,,,,,
83,20240417,PHI,L,104,105,46,37,L 1,MIA,2024,False,,,,,,,,,,,,,,,,,,,,,,,,,,,,,,,,,,,,,,,,,,,,
84,20240419,CHI,W,112,91,47,37,W 1,MIA,2024,False,,,,,,,,,,,,,,,,,,,,,,,,,,,,,,,,,,,,,,,,,,,,
